entity,code,year,life_expectancy
Belgium,BEL,1960,69.973
Belgium,BEL,1961,70.121002
Belgium,BEL,1962,70.240997
Belgium,BEL,1963,70.341003
Belgium,BEL,1964,70.427002
Belgium,BEL,1965,70.50700400000001
Belgium,BEL,1966,70.589996
Belgium,BEL,1967,70.679001
Belgium,BEL,1968,70.781998
Belgium,BEL,1969,70.903
Belgium,BEL,1970,71.045998
Belgium,BEL,1971,71.211998
Belgium,BEL,1972,71.397003
Belgium,BEL,1973,71.598
Belgium,BEL,1974,71.813004
Belgium,BEL,1975,72.039001
Belgium,BEL,1976,72.275002
Belgium,BEL,1977,72.516998
Belgium,BEL,1978,72.764
Belgium,BEL,1979,73.014999
Belgium,BEL,1980,73.26799799999999
Belgium,BEL,1981,73.52600100000001
Belgium,BEL,1982,73.788002
Belgium,BEL,1983,74.056
Belgium,BEL,1984,74.327003
Belgium,BEL,1985,74.598
Belgium,BEL,1986,74.866997
Belgium,BEL,1987,75.128998
Belgium,BEL,1988,75.383003
Belgium,BEL,1989,75.627998
Belgium,BEL,1990,75.862
Belgium,BEL,1991,76.084999
Belgium,BEL,1992,76.29900400000001
Belgium,BEL,1993,76.50700400000001
Belgium,BEL,1994,76.709
Belgium,BEL,1995,76.906998
Belgium,BEL,1996,77.100998
Belgium,BEL,1997,77.292
Belgium,BEL,1998,77.481003
Belgium,BEL,1999,77.67199699999999
Belgium,BEL,2000,77.866997
Belgium,BEL,2001,78.070999
Belgium,BEL,2002,78.285004
Belgium,BEL,2003,78.509003
Belgium,BEL,2004,78.739998
Belgium,BEL,2005,78.974998
Belgium,BEL,2006,79.210999
Belgium,BEL,2007,79.441002
Belgium,BEL,2008,79.662003
Belgium,BEL,2009,79.873001
Belgium,BEL,2010,80.071999
Belgium,BEL,2011,80.260002
Belgium,BEL,2012,80.442001
Belgium,BEL,2013,80.61799599999999
Belgium,BEL,2014,80.792
Belgium,BEL,2015,80.96399699999999
Canada,CAN,1960,70.864998
Canada,CAN,1961,71.061996
Canada,CAN,1962,71.248001
Canada,CAN,1963,71.42600300000001
Canada,CAN,1964,71.595001
Canada,CAN,1965,71.758003
Canada,CAN,1966,71.915001
Canada,CAN,1967,72.068001
Canada,CAN,1968,72.220001
Canada,CAN,1969,72.376999
Canada,CAN,1970,72.542
Canada,CAN,1971,72.720001
Canada,CAN,1972,72.914001
Canada,CAN,1973,73.125999
Canada,CAN,1974,73.356003
Canada,CAN,1975,73.60700200000001
Canada,CAN,1976,73.88200400000001
Canada,CAN,1977,74.175003
Canada,CAN,1978,74.48200200000001
Canada,CAN,1979,74.79499799999999
Canada,CAN,1980,75.105003
Canada,CAN,1981,75.403
Canada,CAN,1982,75.682999
Canada,CAN,1983,75.941002
Canada,CAN,1984,76.175003
Canada,CAN,1985,76.386002
Canada,CAN,1986,76.57800300000001
Canada,CAN,1987,76.761002
Canada,CAN,1988,76.940002
Canada,CAN,1989,77.120003
Canada,CAN,1990,77.29900400000001
Canada,CAN,1991,77.475998
Canada,CAN,1992,77.649002
Canada,CAN,1993,77.816002
Canada,CAN,1994,77.981003
Canada,CAN,1995,78.146004
Canada,CAN,1996,78.318001
Canada,CAN,1997,78.5
Canada,CAN,1998,78.693001
Canada,CAN,1999,78.898003
Canada,CAN,2000,79.113998
Canada,CAN,2001,79.337997
Canada,CAN,2002,79.565002
Canada,CAN,2003,79.791
Canada,CAN,2004,80.013
Canada,CAN,2005,80.23200200000001
Canada,CAN,2006,80.446999
Canada,CAN,2007,80.658997
Canada,CAN,2008,80.870003
Canada,CAN,2009,81.079002
Canada,CAN,2010,81.283997
Canada,CAN,2011,81.48200200000001
Canada,CAN,2012,81.67400400000001
Canada,CAN,2013,81.858002
Canada,CAN,2014,82.035004
Canada,CAN,2015,82.206001
China,CHN,1960,43.724998
China,CHN,1961,44.050999
China,CHN,1962,44.783001
China,CHN,1963,45.972
China,CHN,1964,47.591999
China,CHN,1965,49.549
China,CHN,1966,51.695999
China,CHN,1967,53.847
China,CHN,1968,55.842999
China,CHN,1969,57.603001
China,CHN,1970,59.084998999999996
China,CHN,1971,60.303001
China,CHN,1972,61.344002
China,CHN,1973,62.280998
China,CHN,1974,63.133998999999996
China,CHN,1975,63.915001000000004
China,CHN,1976,64.630997
China,CHN,1977,65.278
China,CHN,1978,65.85700200000001
China,CHN,1979,66.376999
China,CHN,1980,66.843002
China,CHN,1981,67.255997
China,CHN,1982,67.61799599999999
China,CHN,1983,67.932999
China,CHN,1984,68.209999
China,CHN,1985,68.45099599999999
China,CHN,1986,68.66100300000001
China,CHN,1987,68.842003
China,CHN,1988,69.001999
China,CHN,1989,69.150002
China,CHN,1990,69.292999
China,CHN,1991,69.436996
China,CHN,1992,69.586998
China,CHN,1993,69.75
China,CHN,1994,69.934998
China,CHN,1995,70.155998
China,CHN,1996,70.427002
China,CHN,1997,70.747002
China,CHN,1998,71.114998
China,CHN,1999,71.521004
China,CHN,2000,71.95500200000001
China,CHN,2001,72.40100100000001
China,CHN,2002,72.839996
China,CHN,2003,73.25700400000001
China,CHN,2004,73.641998
China,CHN,2005,73.987
China,CHN,2006,74.291
China,CHN,2007,74.561996
China,CHN,2008,74.807999
China,CHN,2009,75.031998
China,CHN,2010,75.236
China,CHN,2011,75.425003
China,CHN,2012,75.601997
China,CHN,2013,75.768997
China,CHN,2014,75.931999
China,CHN,2015,76.092003
Denmark,DNK,1960,72.27600100000001
Denmark,DNK,1961,72.339996
Denmark,DNK,1962,72.402
Denmark,DNK,1963,72.469002
Denmark,DNK,1964,72.545998
Denmark,DNK,1965,72.639
Denmark,DNK,1966,72.747002
Denmark,DNK,1967,72.866997
Denmark,DNK,1968,72.996002
Denmark,DNK,1969,73.130997
Denmark,DNK,1970,73.271004
Denmark,DNK,1971,73.414001
Denmark,DNK,1972,73.559998
Denmark,DNK,1973,73.70300300000001
Denmark,DNK,1974,73.841003
Denmark,DNK,1975,73.969002
Denmark,DNK,1976,74.08000200000001
Denmark,DNK,1977,74.175003
Denmark,DNK,1978,74.251999
Denmark,DNK,1979,74.314003
Denmark,DNK,1980,74.362999
Denmark,DNK,1981,74.402
Denmark,DNK,1982,74.439003
Denmark,DNK,1983,74.476997
Denmark,DNK,1984,74.521004
Denmark,DNK,1985,74.572998
Denmark,DNK,1986,74.63200400000001
Denmark,DNK,1987,74.697998
Denmark,DNK,1988,74.769997
Denmark,DNK,1989,74.849998
Denmark,DNK,1990,74.941002
Denmark,DNK,1991,75.04499799999999
Denmark,DNK,1992,75.166
Denmark,DNK,1993,75.303001
Denmark,DNK,1994,75.457001
Denmark,DNK,1995,75.628998
Denmark,DNK,1996,75.82
Denmark,DNK,1997,76.02600100000001
Denmark,DNK,1998,76.245003
Denmark,DNK,1999,76.474998
Denmark,DNK,2000,76.711998
Denmark,DNK,2001,76.95300300000001
Denmark,DNK,2002,77.195
Denmark,DNK,2003,77.439003
Denmark,DNK,2004,77.683998
Denmark,DNK,2005,77.935997
Denmark,DNK,2006,78.20099599999999
Denmark,DNK,2007,78.483002
Denmark,DNK,2008,78.780998
Denmark,DNK,2009,79.089996
Denmark,DNK,2010,79.399002
Denmark,DNK,2011,79.694
Denmark,DNK,2012,79.964996
Denmark,DNK,2013,80.20500200000001
Denmark,DNK,2014,80.412003
Denmark,DNK,2015,80.586998
Estonia,EST,1960,68.497002
Estonia,EST,1961,68.941002
Estonia,EST,1962,69.306999
Estonia,EST,1963,69.608002
Estonia,EST,1964,69.852997
Estonia,EST,1965,70.052002
Estonia,EST,1966,70.209
Estonia,EST,1967,70.321999
Estonia,EST,1968,70.39299799999999
Estonia,EST,1969,70.427002
Estonia,EST,1970,70.422997
Estonia,EST,1971,70.375999
Estonia,EST,1972,70.287003
Estonia,EST,1973,70.160004
Estonia,EST,1974,70.008003
Estonia,EST,1975,69.841003
Estonia,EST,1976,69.67199699999999
Estonia,EST,1977,69.514
Estonia,EST,1978,69.378998
Estonia,EST,1979,69.278999
Estonia,EST,1980,69.237
Estonia,EST,1981,69.273003
Estonia,EST,1982,69.383003
Estonia,EST,1983,69.552002
Estonia,EST,1984,69.755997
Estonia,EST,1985,69.945999
Estonia,EST,1986,70.060997
Estonia,EST,1987,70.065002
Estonia,EST,1988,69.945
Estonia,EST,1989,69.710999
Estonia,EST,1990,69.402
Estonia,EST,1991,69.072998
Estonia,EST,1992,68.793999
Estonia,EST,1993,68.616997
Estonia,EST,1994,68.569
Estonia,EST,1995,68.660004
Estonia,EST,1996,68.883003
Estonia,EST,1997,69.197998
Estonia,EST,1998,69.569
Estonia,EST,1999,69.978996
Estonia,EST,2000,70.408997
Estonia,EST,2001,70.845001
Estonia,EST,2002,71.285004
Estonia,EST,2003,71.727997
Estonia,EST,2004,72.16999799999999
Estonia,EST,2005,72.622002
Estonia,EST,2006,73.103996
Estonia,EST,2007,73.626999
Estonia,EST,2008,74.189003
Estonia,EST,2009,74.778
Estonia,EST,2010,75.366997
Estonia,EST,2011,75.91999799999999
Estonia,EST,2012,76.410004
Estonia,EST,2013,76.819
Estonia,EST,2014,77.140999
Estonia,EST,2015,77.383003
Finland,FIN,1960,68.720001
Finland,FIN,1961,68.875999
Finland,FIN,1962,69.010002
Finland,FIN,1963,69.130997
Finland,FIN,1964,69.246002
Finland,FIN,1965,69.366997
Finland,FIN,1966,69.5
Finland,FIN,1967,69.649002
Finland,FIN,1968,69.819
Finland,FIN,1969,70.014999
Finland,FIN,1970,70.240997
Finland,FIN,1971,70.501999
Finland,FIN,1972,70.792999
Finland,FIN,1973,71.110001
Finland,FIN,1974,71.446999
Finland,FIN,1975,71.80100300000001
Finland,FIN,1976,72.170998
Finland,FIN,1977,72.547997
Finland,FIN,1978,72.92400400000001
Finland,FIN,1979,73.287003
Finland,FIN,1980,73.622002
Finland,FIN,1981,73.91100300000001
Finland,FIN,1982,74.15100100000001
Finland,FIN,1983,74.341003
Finland,FIN,1984,74.487
Finland,FIN,1985,74.599998
Finland,FIN,1986,74.697998
Finland,FIN,1987,74.79900400000001
Finland,FIN,1988,74.91999799999999
Finland,FIN,1989,75.07
Finland,FIN,1990,75.253998
Finland,FIN,1991,75.469002
Finland,FIN,1992,75.70500200000001
Finland,FIN,1993,75.954002
Finland,FIN,1994,76.209999
Finland,FIN,1995,76.472
Finland,FIN,1996,76.735001
Finland,FIN,1997,76.999001
Finland,FIN,1998,77.262001
Finland,FIN,1999,77.523003
Finland,FIN,2000,77.778999
Finland,FIN,2001,78.028
Finland,FIN,2002,78.272003
Finland,FIN,2003,78.511002
Finland,FIN,2004,78.746002
Finland,FIN,2005,78.977997
Finland,FIN,2006,79.209
Finland,FIN,2007,79.441002
Finland,FIN,2008,79.675003
Finland,FIN,2009,79.907997
Finland,FIN,2010,80.138
Finland,FIN,2011,80.361
Finland,FIN,2012,80.57399699999999
Finland,FIN,2013,80.77600100000001
Finland,FIN,2014,80.967003
Finland,FIN,2015,81.148003
France,FRA,1960,70.047997
France,FRA,1961,70.311996
France,FRA,1962,70.538002
France,FRA,1963,70.730003
France,FRA,1964,70.89299799999999
France,FRA,1965,71.03600300000001
France,FRA,1966,71.16999799999999
France,FRA,1967,71.305
France,FRA,1968,71.449997
France,FRA,1969,71.611
France,FRA,1970,71.792
France,FRA,1971,71.994003
France,FRA,1972,72.209999
France,FRA,1973,72.434998
France,FRA,1974,72.666
France,FRA,1975,72.900002
France,FRA,1976,73.134003
France,FRA,1977,73.365997
France,FRA,1978,73.596001
France,FRA,1979,73.822998
France,FRA,1980,74.04900400000001
France,FRA,1981,74.278999
France,FRA,1982,74.514
France,FRA,1983,74.758003
France,FRA,1984,75.010002
France,FRA,1985,75.268997
France,FRA,1986,75.533997
France,FRA,1987,75.80100300000001
France,FRA,1988,76.066002
France,FRA,1989,76.32800300000001
France,FRA,1990,76.584
France,FRA,1991,76.831001
France,FRA,1992,77.07
France,FRA,1993,77.302002
France,FRA,1994,77.527
France,FRA,1995,77.747002
France,FRA,1996,77.961998
France,FRA,1997,78.175003
France,FRA,1998,78.389999
France,FRA,1999,78.609001
France,FRA,2000,78.834999
France,FRA,2001,79.072998
France,FRA,2002,79.32399699999999
France,FRA,2003,79.585999
France,FRA,2004,79.856003
France,FRA,2005,80.129997
France,FRA,2006,80.403
France,FRA,2007,80.667999
France,FRA,2008,80.92199699999999
France,FRA,2009,81.162003
France,FRA,2010,81.387001
France,FRA,2011,81.598
France,FRA,2012,81.800003
France,FRA,2013,81.996002
France,FRA,2014,82.184998
France,FRA,2015,82.369003
Germany,DEU,1960,69.497002
Germany,DEU,1961,69.70099599999999
Germany,DEU,1962,69.889999
Germany,DEU,1963,70.063004
Germany,DEU,1964,70.222
Germany,DEU,1965,70.363998
Germany,DEU,1966,70.487999
Germany,DEU,1967,70.594002
Germany,DEU,1968,70.689003
Germany,DEU,1969,70.778
Germany,DEU,1970,70.871002
Germany,DEU,1971,70.978996
Germany,DEU,1972,71.108002
Germany,DEU,1973,71.263
Germany,DEU,1974,71.445999
Germany,DEU,1975,71.658997
Germany,DEU,1976,71.897003
Germany,DEU,1977,72.15100100000001
Germany,DEU,1978,72.416
Germany,DEU,1979,72.685997
Germany,DEU,1980,72.959
Germany,DEU,1981,73.235001
Germany,DEU,1982,73.514999
Germany,DEU,1983,73.795998
Germany,DEU,1984,74.074997
Germany,DEU,1985,74.347
Germany,DEU,1986,74.605003
Germany,DEU,1987,74.846001
Germany,DEU,1988,75.071999
Germany,DEU,1989,75.285004
Germany,DEU,1990,75.488998
Germany,DEU,1991,75.693001
Germany,DEU,1992,75.903999
Germany,DEU,1993,76.127998
Germany,DEU,1994,76.36799599999999
Germany,DEU,1995,76.623001
Germany,DEU,1996,76.890999
Germany,DEU,1997,77.166
Germany,DEU,1998,77.442001
Germany,DEU,1999,77.714996
Germany,DEU,2000,77.983002
Germany,DEU,2001,78.246002
Germany,DEU,2002,78.502998
Germany,DEU,2003,78.752998
Germany,DEU,2004,78.994003
Germany,DEU,2005,79.223
Germany,DEU,2006,79.433998
Germany,DEU,2007,79.626999
Germany,DEU,2008,79.803001
Germany,DEU,2009,79.962997
Germany,DEU,2010,80.112999
Germany,DEU,2011,80.254997
Germany,DEU,2012,80.396004
Germany,DEU,2013,80.541
Germany,DEU,2014,80.691002
Germany,DEU,2015,80.848
Ireland,IRL,1960,69.760002
Ireland,IRL,1961,69.941002
Ireland,IRL,1962,70.095001
Ireland,IRL,1963,70.23200200000001
Ireland,IRL,1964,70.359001
Ireland,IRL,1965,70.478996
Ireland,IRL,1966,70.592003
Ireland,IRL,1967,70.696999
Ireland,IRL,1968,70.792999
Ireland,IRL,1969,70.885002
Ireland,IRL,1970,70.976997
Ireland,IRL,1971,71.072998
Ireland,IRL,1972,71.175003
Ireland,IRL,1973,71.288002
Ireland,IRL,1974,71.414001
Ireland,IRL,1975,71.558998
Ireland,IRL,1976,71.724998
Ireland,IRL,1977,71.912003
Ireland,IRL,1978,72.116997
Ireland,IRL,1979,72.336998
Ireland,IRL,1980,72.567001
Ireland,IRL,1981,72.802002
Ireland,IRL,1982,73.03600300000001
Ireland,IRL,1983,73.264999
Ireland,IRL,1984,73.487
Ireland,IRL,1985,73.704002
Ireland,IRL,1986,73.918999
Ireland,IRL,1987,74.137001
Ireland,IRL,1988,74.361
Ireland,IRL,1989,74.586998
Ireland,IRL,1990,74.806999
Ireland,IRL,1991,75.011002
Ireland,IRL,1992,75.192001
Ireland,IRL,1993,75.351997
Ireland,IRL,1994,75.496002
Ireland,IRL,1995,75.639999
Ireland,IRL,1996,75.800003
Ireland,IRL,1997,75.994003
Ireland,IRL,1998,76.23200200000001
Ireland,IRL,1999,76.516998
Ireland,IRL,2000,76.848
Ireland,IRL,2001,77.219002
Ireland,IRL,2002,77.614998
Ireland,IRL,2003,78.01799799999999
Ireland,IRL,2004,78.417
Ireland,IRL,2005,78.80100300000001
Ireland,IRL,2006,79.162003
Ireland,IRL,2007,79.498001
Ireland,IRL,2008,79.806999
Ireland,IRL,2009,80.087997
Ireland,IRL,2010,80.339996
Ireland,IRL,2011,80.564003
Ireland,IRL,2012,80.766998
Ireland,IRL,2013,80.956001
Ireland,IRL,2014,81.134003
Ireland,IRL,2015,81.306999
Israel,ISR,1960,70.538002
Israel,ISR,1961,70.720001
Israel,ISR,1962,70.893997
Israel,ISR,1963,71.060997
Israel,ISR,1964,71.22399899999999
Israel,ISR,1965,71.384003
Israel,ISR,1966,71.540001
Israel,ISR,1967,71.694
Israel,ISR,1968,71.847
Israel,ISR,1969,72.000999
Israel,ISR,1970,72.157997
Israel,ISR,1971,72.32
Israel,ISR,1972,72.486
Israel,ISR,1973,72.657997
Israel,ISR,1974,72.836998
Israel,ISR,1975,73.023003
Israel,ISR,1976,73.216003
Israel,ISR,1977,73.414001
Israel,ISR,1978,73.619003
Israel,ISR,1979,73.829002
Israel,ISR,1980,74.04699699999999
Israel,ISR,1981,74.274002
Israel,ISR,1982,74.511002
Israel,ISR,1983,74.755997
Israel,ISR,1984,75.009003
Israel,ISR,1985,75.268997
Israel,ISR,1986,75.532997
Israel,ISR,1987,75.79900400000001
Israel,ISR,1988,76.065002
Israel,ISR,1989,76.327003
Israel,ISR,1990,76.584
Israel,ISR,1991,76.832001
Israel,ISR,1992,77.072998
Israel,ISR,1993,77.306
Israel,ISR,1994,77.533997
Israel,ISR,1995,77.758003
Israel,ISR,1996,77.981003
Israel,ISR,1997,78.206001
Israel,ISR,1998,78.434998
Israel,ISR,1999,78.670998
Israel,ISR,2000,78.916
Israel,ISR,2001,79.172997
Israel,ISR,2002,79.440002
Israel,ISR,2003,79.71399699999999
Israel,ISR,2004,79.991997
Israel,ISR,2005,80.268997
Israel,ISR,2006,80.538002
Israel,ISR,2007,80.793999
Israel,ISR,2008,81.033997
Israel,ISR,2009,81.25700400000001
Israel,ISR,2010,81.461998
Israel,ISR,2011,81.652
Israel,ISR,2012,81.83000200000001
Israel,ISR,2013,82.001999
Israel,ISR,2014,82.168999
Israel,ISR,2015,82.334999
Japan,JPN,1960,67.887001
Japan,JPN,1961,68.42400400000001
Japan,JPN,1962,68.934998
Japan,JPN,1963,69.42600300000001
Japan,JPN,1964,69.898003
Japan,JPN,1965,70.350998
Japan,JPN,1966,70.78600300000001
Japan,JPN,1967,71.199997
Japan,JPN,1968,71.596001
Japan,JPN,1969,71.980003
Japan,JPN,1970,72.358002
Japan,JPN,1971,72.739998
Japan,JPN,1972,73.130997
Japan,JPN,1973,73.532997
Japan,JPN,1974,73.945
Japan,JPN,1975,74.361
Japan,JPN,1976,74.774002
Japan,JPN,1977,75.17400400000001
Japan,JPN,1978,75.554001
Japan,JPN,1979,75.913002
Japan,JPN,1980,76.251999
Japan,JPN,1981,76.57800300000001
Japan,JPN,1982,76.897003
Japan,JPN,1983,77.212997
Japan,JPN,1984,77.525002
Japan,JPN,1985,77.827003
Japan,JPN,1986,78.111
Japan,JPN,1987,78.372002
Japan,JPN,1988,78.605003
Japan,JPN,1989,78.814003
Japan,JPN,1990,79.003998
Japan,JPN,1991,79.18
Japan,JPN,1992,79.355003
Japan,JPN,1993,79.53600300000001
Japan,JPN,1994,79.726997
Japan,JPN,1995,79.934998
Japan,JPN,1996,80.162003
Japan,JPN,1997,80.403999
Japan,JPN,1998,80.655998
Japan,JPN,1999,80.914001
Japan,JPN,2000,81.170998
Japan,JPN,2001,81.422997
Japan,JPN,2002,81.663002
Japan,JPN,2003,81.886002
Japan,JPN,2004,82.091003
Japan,JPN,2005,82.275002
Japan,JPN,2006,82.438004
Japan,JPN,2007,82.585999
Japan,JPN,2008,82.72200000000001
Japan,JPN,2009,82.849998
Japan,JPN,2010,82.97399899999999
Japan,JPN,2011,83.09700000000001
Japan,JPN,2012,83.22200000000001
Japan,JPN,2013,83.350998
Japan,JPN,2014,83.484001
Japan,JPN,2015,83.622002
Netherlands,NLD,1960,73.26799799999999
Netherlands,NLD,1961,73.35700200000001
Netherlands,NLD,1962,73.427002
Netherlands,NLD,1963,73.478996
Netherlands,NLD,1964,73.521004
Netherlands,NLD,1965,73.555
Netherlands,NLD,1966,73.586998
Netherlands,NLD,1967,73.623001
Netherlands,NLD,1968,73.667
Netherlands,NLD,1969,73.725998
Netherlands,NLD,1970,73.807999
Netherlands,NLD,1971,73.917
Netherlands,NLD,1972,74.054001
Netherlands,NLD,1973,74.216003
Netherlands,NLD,1974,74.40100100000001
Netherlands,NLD,1975,74.605003
Netherlands,NLD,1976,74.822998
Netherlands,NLD,1977,75.04699699999999
Netherlands,NLD,1978,75.269997
Netherlands,NLD,1979,75.486
Netherlands,NLD,1980,75.689003
Netherlands,NLD,1981,75.875
Netherlands,NLD,1982,76.043999
Netherlands,NLD,1983,76.197998
Netherlands,NLD,1984,76.336998
Netherlands,NLD,1985,76.461998
Netherlands,NLD,1986,76.57599599999999
Netherlands,NLD,1987,76.682999
Netherlands,NLD,1988,76.787003
Netherlands,NLD,1989,76.889999
Netherlands,NLD,1990,76.99299599999999
Netherlands,NLD,1991,77.098
Netherlands,NLD,1992,77.202003
Netherlands,NLD,1993,77.307999
Netherlands,NLD,1994,77.416
Netherlands,NLD,1995,77.528
Netherlands,NLD,1996,77.641998
Netherlands,NLD,1997,77.762001
Netherlands,NLD,1998,77.889
Netherlands,NLD,1999,78.028
Netherlands,NLD,2000,78.186996
Netherlands,NLD,2001,78.373001
Netherlands,NLD,2002,78.589996
Netherlands,NLD,2003,78.836998
Netherlands,NLD,2004,79.110001
Netherlands,NLD,2005,79.40100100000001
Netherlands,NLD,2006,79.702003
Netherlands,NLD,2007,80.000999
Netherlands,NLD,2008,80.287003
Netherlands,NLD,2009,80.554001
Netherlands,NLD,2010,80.79699699999999
Netherlands,NLD,2011,81.014
Netherlands,NLD,2012,81.209999
Netherlands,NLD,2013,81.389
Netherlands,NLD,2014,81.555
Netherlands,NLD,2015,81.709999
New Zealand,NZL,1960,71.0
New Zealand,NZL,1961,71.08000200000001
New Zealand,NZL,1962,71.139
New Zealand,NZL,1963,71.179001
New Zealand,NZL,1964,71.20500200000001
New Zealand,NZL,1965,71.225998
New Zealand,NZL,1966,71.247002
New Zealand,NZL,1967,71.27600100000001
New Zealand,NZL,1968,71.32
New Zealand,NZL,1969,71.383003
New Zealand,NZL,1970,71.467003
New Zealand,NZL,1971,71.572998
New Zealand,NZL,1972,71.696999
New Zealand,NZL,1973,71.834999
New Zealand,NZL,1974,71.987
New Zealand,NZL,1975,72.154999
New Zealand,NZL,1976,72.339996
New Zealand,NZL,1977,72.542999
New Zealand,NZL,1978,72.760002
New Zealand,NZL,1979,72.986
New Zealand,NZL,1980,73.209
New Zealand,NZL,1981,73.416
New Zealand,NZL,1982,73.599998
New Zealand,NZL,1983,73.763
New Zealand,NZL,1984,73.908997
New Zealand,NZL,1985,74.055
New Zealand,NZL,1986,74.225998
New Zealand,NZL,1987,74.436996
New Zealand,NZL,1988,74.699997
New Zealand,NZL,1989,75.011002
New Zealand,NZL,1990,75.360001
New Zealand,NZL,1991,75.724998
New Zealand,NZL,1992,76.082001
New Zealand,NZL,1993,76.414001
New Zealand,NZL,1994,76.716003
New Zealand,NZL,1995,76.988998
New Zealand,NZL,1996,77.244003
New Zealand,NZL,1997,77.497002
New Zealand,NZL,1998,77.760002
New Zealand,NZL,1999,78.03600300000001
New Zealand,NZL,2000,78.32399699999999
New Zealand,NZL,2001,78.620003
New Zealand,NZL,2002,78.914001
New Zealand,NZL,2003,79.199997
New Zealand,NZL,2004,79.47399899999999
New Zealand,NZL,2005,79.734001
New Zealand,NZL,2006,79.980003
New Zealand,NZL,2007,80.21399699999999
New Zealand,NZL,2008,80.438004
New Zealand,NZL,2009,80.653
New Zealand,NZL,2010,80.85700200000001
New Zealand,NZL,2011,81.050003
New Zealand,NZL,2012,81.23200200000001
New Zealand,NZL,2013,81.404999
New Zealand,NZL,2014,81.57
New Zealand,NZL,2015,81.728996
Norway,NOR,1960,73.496002
Norway,NOR,1961,73.499001
Norway,NOR,1962,73.510002
Norway,NOR,1963,73.537003
Norway,NOR,1964,73.584
Norway,NOR,1965,73.653999
Norway,NOR,1966,73.739998
Norway,NOR,1967,73.834999
Norway,NOR,1968,73.932999
Norway,NOR,1969,74.033997
Norway,NOR,1970,74.139999
Norway,NOR,1971,74.254997
Norway,NOR,1972,74.384003
Norway,NOR,1973,74.528999
Norway,NOR,1974,74.686996
Norway,NOR,1975,74.856003
Norway,NOR,1976,75.031998
Norway,NOR,1977,75.210999
Norway,NOR,1978,75.385002
Norway,NOR,1979,75.54900400000001
Norway,NOR,1980,75.696999
Norway,NOR,1981,75.82
Norway,NOR,1982,75.917999
Norway,NOR,1983,75.997002
Norway,NOR,1984,76.060997
Norway,NOR,1985,76.121002
Norway,NOR,1986,76.190002
Norway,NOR,1987,76.280998
Norway,NOR,1988,76.400002
Norway,NOR,1989,76.550003
Norway,NOR,1990,76.728996
Norway,NOR,1991,76.931999
Norway,NOR,1992,77.146004
Norway,NOR,1993,77.361
Norway,NOR,1994,77.574997
Norway,NOR,1995,77.782997
Norway,NOR,1996,77.985001
Norway,NOR,1997,78.183998
Norway,NOR,1998,78.384003
Norway,NOR,1999,78.585999
Norway,NOR,2000,78.792999
Norway,NOR,2001,79.010002
Norway,NOR,2002,79.237
Norway,NOR,2003,79.47399899999999
Norway,NOR,2004,79.720001
Norway,NOR,2005,79.971001
Norway,NOR,2006,80.222
Norway,NOR,2007,80.468002
Norway,NOR,2008,80.70500200000001
Norway,NOR,2009,80.93
Norway,NOR,2010,81.139999
Norway,NOR,2011,81.334999
Norway,NOR,2012,81.51799799999999
Norway,NOR,2013,81.691002
Norway,NOR,2014,81.856003
Norway,NOR,2015,82.015999
Portugal,PRT,1960,63.422001
Portugal,PRT,1961,63.835999
Portugal,PRT,1962,64.241997
Portugal,PRT,1963,64.641998
Portugal,PRT,1964,65.033997
Portugal,PRT,1965,65.420998
Portugal,PRT,1966,65.803001
Portugal,PRT,1967,66.182999
Portugal,PRT,1968,66.565002
Portugal,PRT,1969,66.949997
Portugal,PRT,1970,67.33899699999999
Portugal,PRT,1971,67.733002
Portugal,PRT,1972,68.133003
Portugal,PRT,1973,68.53600300000001
Portugal,PRT,1974,68.944
Portugal,PRT,1975,69.358002
Portugal,PRT,1976,69.779999
Portugal,PRT,1977,70.209999
Portugal,PRT,1978,70.643997
Portugal,PRT,1979,71.07800300000001
Portugal,PRT,1980,71.505997
Portugal,PRT,1981,71.92400400000001
Portugal,PRT,1982,72.324997
Portugal,PRT,1983,72.70300300000001
Portugal,PRT,1984,73.056
Portugal,PRT,1985,73.375999
Portugal,PRT,1986,73.658997
Portugal,PRT,1987,73.906998
Portugal,PRT,1988,74.125
Portugal,PRT,1989,74.319
Portugal,PRT,1990,74.496002
Portugal,PRT,1991,74.662003
Portugal,PRT,1992,74.82599599999999
Portugal,PRT,1993,74.998001
Portugal,PRT,1994,75.182999
Portugal,PRT,1995,75.388
Portugal,PRT,1996,75.61799599999999
Portugal,PRT,1997,75.871002
Portugal,PRT,1998,76.14299799999999
Portugal,PRT,1999,76.433998
Portugal,PRT,2000,76.744003
Portugal,PRT,2001,77.071999
Portugal,PRT,2002,77.414001
Portugal,PRT,2003,77.763
Portugal,PRT,2004,78.114998
Portugal,PRT,2005,78.459999
Portugal,PRT,2006,78.793999
Portugal,PRT,2007,79.112
Portugal,PRT,2008,79.41100300000001
Portugal,PRT,2009,79.689003
Portugal,PRT,2010,79.945999
Portugal,PRT,2011,80.183998
Portugal,PRT,2012,80.406998
Portugal,PRT,2013,80.620003
Portugal,PRT,2014,80.827003
Portugal,PRT,2015,81.028999
Russia,RUS,1960,66.791
Russia,RUS,1961,67.333
Russia,RUS,1962,67.755997
Russia,RUS,1963,68.071999
Russia,RUS,1964,68.293999
Russia,RUS,1965,68.441002
Russia,RUS,1966,68.52600100000001
Russia,RUS,1967,68.563004
Russia,RUS,1968,68.564003
Russia,RUS,1969,68.542
Russia,RUS,1970,68.5
Russia,RUS,1971,68.434998
Russia,RUS,1972,68.342003
Russia,RUS,1973,68.222
Russia,RUS,1974,68.082001
Russia,RUS,1975,67.93
Russia,RUS,1976,67.773003
Russia,RUS,1977,67.620003
Russia,RUS,1978,67.485001
Russia,RUS,1979,67.383003
Russia,RUS,1980,67.348
Russia,RUS,1981,67.414001
Russia,RUS,1982,67.586998
Russia,RUS,1983,67.847
Russia,RUS,1984,68.166
Russia,RUS,1985,68.478996
Russia,RUS,1986,68.708
Russia,RUS,1987,68.793999
Russia,RUS,1988,68.708
Russia,RUS,1989,68.447998
Russia,RUS,1990,68.045998
Russia,RUS,1991,67.559998
Russia,RUS,1992,67.068001
Russia,RUS,1993,66.630997
Russia,RUS,1994,66.278
Russia,RUS,1995,66.008003
Russia,RUS,1996,65.79699699999999
Russia,RUS,1997,65.60700200000001
Russia,RUS,1998,65.416
Russia,RUS,1999,65.233002
Russia,RUS,2000,65.081001
Russia,RUS,2001,64.99299599999999
Russia,RUS,2002,65.001999
Russia,RUS,2003,65.127998
Russia,RUS,2004,65.375999
Russia,RUS,2005,65.751999
Russia,RUS,2006,66.250999
Russia,RUS,2007,66.843002
Russia,RUS,2008,67.490997
Russia,RUS,2009,68.16100300000001
Russia,RUS,2010,68.813004
Russia,RUS,2011,69.406998
Russia,RUS,2012,69.922997
Russia,RUS,2013,70.34899899999999
Russia,RUS,2014,70.679001
Russia,RUS,2015,70.918999
Singapore,SGP,1960,65.474998
Singapore,SGP,1961,65.891998
Singapore,SGP,1962,66.230003
Singapore,SGP,1963,66.496002
Singapore,SGP,1964,66.70500200000001
Singapore,SGP,1965,66.883003
Singapore,SGP,1966,67.056
Singapore,SGP,1967,67.248001
Singapore,SGP,1968,67.478996
Singapore,SGP,1969,67.758003
Singapore,SGP,1970,68.087997
Singapore,SGP,1971,68.461998
Singapore,SGP,1972,68.859001
Singapore,SGP,1973,69.262001
Singapore,SGP,1974,69.664001
Singapore,SGP,1975,70.059998
Singapore,SGP,1976,70.446999
Singapore,SGP,1977,70.82800300000001
Singapore,SGP,1978,71.20500200000001
Singapore,SGP,1979,71.58000200000001
Singapore,SGP,1980,71.95500200000001
Singapore,SGP,1981,72.332001
Singapore,SGP,1982,72.712997
Singapore,SGP,1983,73.100998
Singapore,SGP,1984,73.497002
Singapore,SGP,1985,73.903999
Singapore,SGP,1986,74.32599599999999
Singapore,SGP,1987,74.760002
Singapore,SGP,1988,75.199997
Singapore,SGP,1989,75.636002
Singapore,SGP,1990,76.04900400000001
Singapore,SGP,1991,76.417999
Singapore,SGP,1992,76.73200200000001
Singapore,SGP,1993,76.988998
Singapore,SGP,1994,77.193001
Singapore,SGP,1995,77.358002
Singapore,SGP,1996,77.505997
Singapore,SGP,1997,77.66100300000001
Singapore,SGP,1998,77.845001
Singapore,SGP,1999,78.067001
Singapore,SGP,2000,78.33899699999999
Singapore,SGP,2001,78.664001
Singapore,SGP,2002,79.028999
Singapore,SGP,2003,79.41999799999999
Singapore,SGP,2004,79.824997
Singapore,SGP,2005,80.230003
Singapore,SGP,2006,80.619003
Singapore,SGP,2007,80.98200200000001
Singapore,SGP,2008,81.311996
Singapore,SGP,2009,81.602997
Singapore,SGP,2010,81.856003
Singapore,SGP,2011,82.07800300000001
Singapore,SGP,2012,82.279999
Singapore,SGP,2013,82.473
Singapore,SGP,2014,82.662003
Singapore,SGP,2015,82.84899899999999
South Korea,KOR,1960,52.981998
South Korea,KOR,1961,53.708999999999996
South Korea,KOR,1962,54.449001
South Korea,KOR,1963,55.202999
South Korea,KOR,1964,55.972
South Korea,KOR,1965,56.763000000000005
South Korea,KOR,1966,57.59
South Korea,KOR,1967,58.451
South Korea,KOR,1968,59.335999
South Korea,KOR,1969,60.228001
South Korea,KOR,1970,61.095001
South Korea,KOR,1971,61.898998
South Korea,KOR,1972,62.616001000000004
South Korea,KOR,1973,63.235001000000004
South Korea,KOR,1974,63.756001
South Korea,KOR,1975,64.192001
South Korea,KOR,1976,64.568001
South Korea,KOR,1977,64.92199699999999
South Korea,KOR,1978,65.28600300000001
South Korea,KOR,1979,65.68
South Korea,KOR,1980,66.119003
South Korea,KOR,1981,66.608002
South Korea,KOR,1982,67.136002
South Korea,KOR,1983,67.690002
South Korea,KOR,1984,68.264999
South Korea,KOR,1985,68.850998
South Korea,KOR,1986,69.441002
South Korea,KOR,1987,70.024002
South Korea,KOR,1988,70.591003
South Korea,KOR,1989,71.137001
South Korea,KOR,1990,71.655998
South Korea,KOR,1991,72.146004
South Korea,KOR,1992,72.612
South Korea,KOR,1993,73.060997
South Korea,KOR,1994,73.494003
South Korea,KOR,1995,73.917999
South Korea,KOR,1996,74.336998
South Korea,KOR,1997,74.755997
South Korea,KOR,1998,75.179001
South Korea,KOR,1999,75.608002
South Korea,KOR,2000,76.04699699999999
South Korea,KOR,2001,76.499001
South Korea,KOR,2002,76.959999
South Korea,KOR,2003,77.42600300000001
South Korea,KOR,2004,77.89299799999999
South Korea,KOR,2005,78.356003
South Korea,KOR,2006,78.810997
South Korea,KOR,2007,79.253998
South Korea,KOR,2008,79.678001
South Korea,KOR,2009,80.08000200000001
South Korea,KOR,2010,80.456001
South Korea,KOR,2011,80.802002
South Korea,KOR,2012,81.119003
South Korea,KOR,2013,81.41100300000001
South Korea,KOR,2014,81.678001
South Korea,KOR,2015,81.92400400000001
United Kingdom,GBR,1960,70.866997
United Kingdom,GBR,1961,70.956001
United Kingdom,GBR,1962,71.04499799999999
United Kingdom,GBR,1963,71.140999
United Kingdom,GBR,1964,71.25
United Kingdom,GBR,1965,71.370003
United Kingdom,GBR,1966,71.495003
United Kingdom,GBR,1967,71.61799599999999
United Kingdom,GBR,1968,71.734001
United Kingdom,GBR,1969,71.844002
United Kingdom,GBR,1970,71.947998
United Kingdom,GBR,1971,72.052002
United Kingdom,GBR,1972,72.16100300000001
United Kingdom,GBR,1973,72.279999
United Kingdom,GBR,1974,72.412003
United Kingdom,GBR,1975,72.563004
United Kingdom,GBR,1976,72.735001
United Kingdom,GBR,1977,72.927002
United Kingdom,GBR,1978,73.136002
United Kingdom,GBR,1979,73.360001
United Kingdom,GBR,1980,73.591003
United Kingdom,GBR,1981,73.821999
United Kingdom,GBR,1982,74.047997
United Kingdom,GBR,1983,74.264999
United Kingdom,GBR,1984,74.471001
United Kingdom,GBR,1985,74.667999
United Kingdom,GBR,1986,74.862999
United Kingdom,GBR,1987,75.058998
United Kingdom,GBR,1988,75.263
United Kingdom,GBR,1989,75.473
United Kingdom,GBR,1990,75.688004
United Kingdom,GBR,1991,75.902
United Kingdom,GBR,1992,76.110001
United Kingdom,GBR,1993,76.310997
United Kingdom,GBR,1994,76.503998
United Kingdom,GBR,1995,76.695
United Kingdom,GBR,1996,76.887001
United Kingdom,GBR,1997,77.086998
United Kingdom,GBR,1998,77.29900400000001
United Kingdom,GBR,1999,77.525002
United Kingdom,GBR,2000,77.764
United Kingdom,GBR,2001,78.013
United Kingdom,GBR,2002,78.269997
United Kingdom,GBR,2003,78.528999
United Kingdom,GBR,2004,78.788002
United Kingdom,GBR,2005,79.04900400000001
United Kingdom,GBR,2006,79.310997
United Kingdom,GBR,2007,79.577003
United Kingdom,GBR,2008,79.843002
United Kingdom,GBR,2009,80.108002
United Kingdom,GBR,2010,80.365997
United Kingdom,GBR,2011,80.610001
United Kingdom,GBR,2012,80.836998
United Kingdom,GBR,2013,81.04499799999999
United Kingdom,GBR,2014,81.234001
United Kingdom,GBR,2015,81.405998
United States,USA,1960,69.939003
United States,USA,1961,70.010002
United States,USA,1962,70.063004
United States,USA,1963,70.105003
United States,USA,1964,70.143997
United States,USA,1965,70.188004
United States,USA,1966,70.248001
United States,USA,1967,70.33000200000001
United States,USA,1968,70.441002
United States,USA,1969,70.587997
United States,USA,1970,70.778
United States,USA,1971,71.01799799999999
United States,USA,1972,71.302002
United States,USA,1973,71.623001
United States,USA,1974,71.971001
United States,USA,1975,72.333
United States,USA,1976,72.695999
United States,USA,1977,73.04499799999999
United States,USA,1978,73.371002
United States,USA,1979,73.663002
United States,USA,1980,73.914001
United States,USA,1981,74.122002
United States,USA,1982,74.293999
United States,USA,1983,74.438004
United States,USA,1984,74.560997
United States,USA,1985,74.668999
United States,USA,1986,74.772003
United States,USA,1987,74.876999
United States,USA,1988,74.988998
United States,USA,1989,75.112999
United States,USA,1990,75.251999
United States,USA,1991,75.405998
United States,USA,1992,75.568001
United States,USA,1993,75.734001
United States,USA,1994,75.903
United States,USA,1995,76.07
United States,USA,1996,76.230003
United States,USA,1997,76.384003
United States,USA,1998,76.531998
United States,USA,1999,76.67400400000001
United States,USA,2000,76.815002
United States,USA,2001,76.962997
United States,USA,2002,77.121002
United States,USA,2003,77.292
United States,USA,2004,77.474998
United States,USA,2005,77.667
United States,USA,2006,77.859001
United States,USA,2007,78.045998
United States,USA,2008,78.223
United States,USA,2009,78.387001
United States,USA,2010,78.539001
United States,USA,2011,78.681999
United States,USA,2012,78.820999
United States,USA,2013,78.959999
United States,USA,2014,79.099998
United States,USA,2015,79.244003
