EDULIT_IND,Indicator,LOCATION,Country,TIME,Time,Value,Flag Codes,Flags
X_US_FSGOV,"Government expenditure on education, US$ (millions)",AUS,Australia,2012,2012,75282.20355,,
X_US_FSGOV,"Government expenditure on education, US$ (millions)",AUS,Australia,2013,2013,82430.32112,,
X_US_FSGOV,"Government expenditure on education, US$ (millions)",AUS,Australia,2014,2014,75792.11971,,
X_US_FSGOV,"Government expenditure on education, US$ (millions)",AUS,Australia,2015,2015,71792.18446,,
X_US_FSGOV,"Government expenditure on education, US$ (millions)",AUT,Austria,2012,2012,22438.1454,,
X_US_FSGOV,"Government expenditure on education, US$ (millions)",AUT,Austria,2013,2013,23856.38317,,
X_US_FSGOV,"Government expenditure on education, US$ (millions)",AUT,Austria,2014,2014,24078.26105,,
X_US_FSGOV,"Government expenditure on education, US$ (millions)",AUT,Austria,2015,2015,20834.1936,,
X_US_FSGOV,"Government expenditure on education, US$ (millions)",BEL,Belgium,2014,2014,35237.80252,,
X_US_FSGOV,"Government expenditure on education, US$ (millions)",BEL,Belgium,2015,2015,29815.92584,,
X_US_FSGOV,"Government expenditure on education, US$ (millions)",CZE,Czechia,2012,2012,8815.27897,,
X_US_FSGOV,"Government expenditure on education, US$ (millions)",CZE,Czechia,2013,2013,8566.41553,,
X_US_FSGOV,"Government expenditure on education, US$ (millions)",CZE,Czechia,2014,2014,8301.56103,,
X_US_FSGOV,"Government expenditure on education, US$ (millions)",CZE,Czechia,2015,2015,10815.31409,,
X_US_FSGOV,"Government expenditure on education, US$ (millions)",DNK,Denmark,2012,2012,23678.45649,,
X_US_FSGOV,"Government expenditure on education, US$ (millions)",DNK,Denmark,2013,2013,29185.54367,,
X_US_FSGOV,"Government expenditure on education, US$ (millions)",DNK,Denmark,2014,2014,26950.54759,,
X_US_FSGOV,"Government expenditure on education, US$ (millions)",FIN,Finland,2012,2012,18463.72625,,
X_US_FSGOV,"Government expenditure on education, US$ (millions)",FIN,Finland,2013,2013,19326.45894,,
X_US_FSGOV,"Government expenditure on education, US$ (millions)",FIN,Finland,2014,2014,19495.82163,,
X_US_FSGOV,"Government expenditure on education, US$ (millions)",FIN,Finland,2015,2015,16486.01404,,
X_US_FSGOV,"Government expenditure on education, US$ (millions)",FRA,France,2012,2012,146440.7517,,
X_US_FSGOV,"Government expenditure on education, US$ (millions)",FRA,France,2013,2013,154617.248,,
X_US_FSGOV,"Government expenditure on education, US$ (millions)",FRA,France,2014,2014,157213.1721,,
X_US_FSGOV,"Government expenditure on education, US$ (millions)",FRA,France,2015,2015,133229.4195,,
X_US_FSGOV,"Government expenditure on education, US$ (millions)",DEU,Germany,2012,2012,174835.7737,,
X_US_FSGOV,"Government expenditure on education, US$ (millions)",DEU,Germany,2013,2013,185185.4951,,
X_US_FSGOV,"Government expenditure on education, US$ (millions)",DEU,Germany,2014,2014,191850.8427,,
X_US_FSGOV,"Government expenditure on education, US$ (millions)",DEU,Germany,2015,2015,162481.9365,,
X_US_FSGOV,"Government expenditure on education, US$ (millions)",HUN,Hungary,2012,2012,5336.13521,,
X_US_FSGOV,"Government expenditure on education, US$ (millions)",HUN,Hungary,2013,2013,5684.10917,,
X_US_FSGOV,"Government expenditure on education, US$ (millions)",HUN,Hungary,2014,2014,6490.19819,,
X_US_FSGOV,"Government expenditure on education, US$ (millions)",HUN,Hungary,2015,2015,5627.07581,,
X_US_FSGOV,"Government expenditure on education, US$ (millions)",ISL,Iceland,2012,2012,1118.49375,,
X_US_FSGOV,"Government expenditure on education, US$ (millions)",ISL,Iceland,2013,2013,1201.10552,,
X_US_FSGOV,"Government expenditure on education, US$ (millions)",ISL,Iceland,2014,2014,1365.34142,,
X_US_FSGOV,"Government expenditure on education, US$ (millions)",ISL,Iceland,2015,2015,1306.42756,,
X_US_FSGOV,"Government expenditure on education, US$ (millions)",IRL,Ireland,2012,2012,12972.8678,,
X_US_FSGOV,"Government expenditure on education, US$ (millions)",IRL,Ireland,2013,2013,12725.36833,,
X_US_FSGOV,"Government expenditure on education, US$ (millions)",IRL,Ireland,2014,2014,12617.0256,,
X_US_FSGOV,"Government expenditure on education, US$ (millions)",IRL,Ireland,2015,2015,10955.42069,,
X_US_FSGOV,"Government expenditure on education, US$ (millions)",ITA,Italy,2012,2012,84652.32,,
X_US_FSGOV,"Government expenditure on education, US$ (millions)",ITA,Italy,2013,2013,88729.03313,,
X_US_FSGOV,"Government expenditure on education, US$ (millions)",ITA,Italy,2014,2014,87688.55611,,
X_US_FSGOV,"Government expenditure on education, US$ (millions)",ITA,Italy,2015,2015,74787.70674,,
X_US_FSGOV,"Government expenditure on education, US$ (millions)",JPN,Japan,2012,2012,227349.2657,,
X_US_FSGOV,"Government expenditure on education, US$ (millions)",JPN,Japan,2013,2013,227371.3044,,
X_US_FSGOV,"Government expenditure on education, US$ (millions)",JPN,Japan,2014,2014,185120.5019,,
X_US_FSGOV,"Government expenditure on education, US$ (millions)",JPN,Japan,2016,2016,152393.9856,,
X_US_FSGOV,"Government expenditure on education, US$ (millions)",KOR,Republic of Korea,2012,2012,61281.87817,,
X_US_FSGOV,"Government expenditure on education, US$ (millions)",KOR,Republic of Korea,2013,2013,64167.74189,,
X_US_FSGOV,"Government expenditure on education, US$ (millions)",KOR,Republic of Korea,2014,2014,68754.87016,,
X_US_FSGOV,"Government expenditure on education, US$ (millions)",KOR,Republic of Korea,2015,2015,74133.24675,,
X_US_FSGOV,"Government expenditure on education, US$ (millions)",LUX,Luxembourg,2012,2012,2318.35908,,
X_US_FSGOV,"Government expenditure on education, US$ (millions)",LUX,Luxembourg,2014,2014,2649.37266,,
X_US_FSGOV,"Government expenditure on education, US$ (millions)",LUX,Luxembourg,2015,2015,2262.54133,,
X_US_FSGOV,"Government expenditure on education, US$ (millions)",MEX,Mexico,2012,2012,61292.85176,,
X_US_FSGOV,"Government expenditure on education, US$ (millions)",MEX,Mexico,2013,2013,59848.43559,,
X_US_FSGOV,"Government expenditure on education, US$ (millions)",MEX,Mexico,2014,2014,69154.23482,,
X_US_FSGOV,"Government expenditure on education, US$ (millions)",MEX,Mexico,2015,2015,61281.90945,,
X_US_FSGOV,"Government expenditure on education, US$ (millions)",NLD,Netherlands,2012,2012,45390.19714,,
X_US_FSGOV,"Government expenditure on education, US$ (millions)",NLD,Netherlands,2013,2013,48463.7257,,
X_US_FSGOV,"Government expenditure on education, US$ (millions)",NLD,Netherlands,2014,2014,48637.7936,,
X_US_FSGOV,"Government expenditure on education, US$ (millions)",NLD,Netherlands,2015,2015,40927.55861,,
X_US_FSGOV,"Government expenditure on education, US$ (millions)",NZL,New Zealand,2012,2012,12049.54599,,
X_US_FSGOV,"Government expenditure on education, US$ (millions)",NZL,New Zealand,2013,2013,11808.58551,,
X_US_FSGOV,"Government expenditure on education, US$ (millions)",NZL,New Zealand,2014,2014,12108.12278,,
X_US_FSGOV,"Government expenditure on education, US$ (millions)",NZL,New Zealand,2015,2015,12733.19785,,
X_US_FSGOV,"Government expenditure on education, US$ (millions)",NZL,New Zealand,2016,2016,11196.76178,,
X_US_FSGOV,"Government expenditure on education, US$ (millions)",NOR,Norway,2012,2012,37574.55952,,
X_US_FSGOV,"Government expenditure on education, US$ (millions)",NOR,Norway,2013,2013,39130.55319,,
X_US_FSGOV,"Government expenditure on education, US$ (millions)",NOR,Norway,2014,2014,38352.86961,,
X_US_FSGOV,"Government expenditure on education, US$ (millions)",NOR,Norway,2015,2015,29202.60825,,
X_US_FSGOV,"Government expenditure on education, US$ (millions)",POL,Poland,2012,2012,24076.42131,,
X_US_FSGOV,"Government expenditure on education, US$ (millions)",POL,Poland,2013,2013,25897.7596,,
X_US_FSGOV,"Government expenditure on education, US$ (millions)",POL,Poland,2014,2014,26774.15481,,
X_US_FSGOV,"Government expenditure on education, US$ (millions)",POL,Poland,2015,2015,22982.48136,,
X_US_FSGOV,"Government expenditure on education, US$ (millions)",PRT,Portugal,2012,2012,10702.44475,,
X_US_FSGOV,"Government expenditure on education, US$ (millions)",PRT,Portugal,2013,2013,11931.85821,,
X_US_FSGOV,"Government expenditure on education, US$ (millions)",PRT,Portugal,2014,2014,11764.51317,,
X_US_FSGOV,"Government expenditure on education, US$ (millions)",PRT,Portugal,2015,2015,9737.56256,,
X_US_FSGOV,"Government expenditure on education, US$ (millions)",SVK,Slovakia,2012,2012,3651.75263,,
X_US_FSGOV,"Government expenditure on education, US$ (millions)",SVK,Slovakia,2013,2013,4024.47601,,
X_US_FSGOV,"Government expenditure on education, US$ (millions)",SVK,Slovakia,2014,2014,4270.79846,,
X_US_FSGOV,"Government expenditure on education, US$ (millions)",SVK,Slovakia,2015,2015,4068.62395,,
X_US_FSGOV,"Government expenditure on education, US$ (millions)",ESP,Spain,2012,2012,59210.73219,,
X_US_FSGOV,"Government expenditure on education, US$ (millions)",ESP,Spain,2013,2013,58945.7449,,
X_US_FSGOV,"Government expenditure on education, US$ (millions)",ESP,Spain,2014,2014,58930.47057,,
X_US_FSGOV,"Government expenditure on education, US$ (millions)",ESP,Spain,2015,2015,51229.60894,,
X_US_FSGOV,"Government expenditure on education, US$ (millions)",SWE,Sweden,2012,2012,41640.52674,,
X_US_FSGOV,"Government expenditure on education, US$ (millions)",SWE,Sweden,2013,2013,44665.77994,,
X_US_FSGOV,"Government expenditure on education, US$ (millions)",SWE,Sweden,2014,2014,44076.40044,,
X_US_FSGOV,"Government expenditure on education, US$ (millions)",SWE,Sweden,2015,2015,37599.41418,,
X_US_FSGOV,"Government expenditure on education, US$ (millions)",CHE,Switzerland,2012,2012,33625.12112,,
X_US_FSGOV,"Government expenditure on education, US$ (millions)",CHE,Switzerland,2013,2013,34703.91703,,
X_US_FSGOV,"Government expenditure on education, US$ (millions)",CHE,Switzerland,2014,2014,35822.43347,,
X_US_FSGOV,"Government expenditure on education, US$ (millions)",CHE,Switzerland,2015,2015,34675.32489,,
X_US_FSGOV,"Government expenditure on education, US$ (millions)",CHE,Switzerland,2016,2016,34268.50789,,
X_US_FSGOV,"Government expenditure on education, US$ (millions)",TUR,Turkey,2012,2012,38621.28071,,
X_US_FSGOV,"Government expenditure on education, US$ (millions)",TUR,Turkey,2013,2013,41484.22373,,
X_US_FSGOV,"Government expenditure on education, US$ (millions)",TUR,Turkey,2014,2014,40834.78262,,
X_US_FSGOV,"Government expenditure on education, US$ (millions)",TUR,Turkey,2015,2015,36901.39374,,
X_US_FSGOV,"Government expenditure on education, US$ (millions)",GBR,United Kingdom of Great Britain and Northern Ireland,2013,2013,149574.9062,,
X_US_FSGOV,"Government expenditure on education, US$ (millions)",GBR,United Kingdom of Great Britain and Northern Ireland,2014,2014,155989.3004,,
X_US_FSGOV,"Government expenditure on education, US$ (millions)",GBR,United Kingdom of Great Britain and Northern Ireland,2015,2015,170229.8069,,
X_US_FSGOV,"Government expenditure on education, US$ (millions)",GBR,United Kingdom of Great Britain and Northern Ireland,2016,2016,159912.3323,,
X_US_FSGOV,"Government expenditure on education, US$ (millions)",USA,United States of America,2012,2012,806135.2808,,
X_US_FSGOV,"Government expenditure on education, US$ (millions)",USA,United States of America,2013,2013,798681.8155,,
X_US_FSGOV,"Government expenditure on education, US$ (millions)",USA,United States of America,2014,2014,832820.6112,,
X_US_FSGOV,"Government expenditure on education, US$ (millions)",AFG,Afghanistan,2012,2012,518.42705,,
X_US_FSGOV,"Government expenditure on education, US$ (millions)",AFG,Afghanistan,2013,2013,695.95025,,
X_US_FSGOV,"Government expenditure on education, US$ (millions)",AFG,Afghanistan,2014,2014,757.4144,,
X_US_FSGOV,"Government expenditure on education, US$ (millions)",AFG,Afghanistan,2015,2015,622.97168,,
X_US_FSGOV,"Government expenditure on education, US$ (millions)",AFG,Afghanistan,2016,2016,818.72146,‡,UIS Estimation
X_US_FSGOV,"Government expenditure on education, US$ (millions)",AFG,Afghanistan,2017,2017,817.36449,‡,UIS Estimation
X_US_FSGOV,"Government expenditure on education, US$ (millions)",ALB,Albania,2013,2013,452.19076,,
X_US_FSGOV,"Government expenditure on education, US$ (millions)",ALB,Albania,2015,2015,391.47894,,
X_US_FSGOV,"Government expenditure on education, US$ (millions)",ALB,Albania,2016,2016,469.95702,,
X_US_FSGOV,"Government expenditure on education, US$ (millions)",AND,Andorra,2013,2013,80.00748,,
X_US_FSGOV,"Government expenditure on education, US$ (millions)",AND,Andorra,2014,2014,100.4487,,
X_US_FSGOV,"Government expenditure on education, US$ (millions)",AND,Andorra,2015,2015,91.47684,,
X_US_FSGOV,"Government expenditure on education, US$ (millions)",AND,Andorra,2016,2016,93.70532,,
X_US_FSGOV,"Government expenditure on education, US$ (millions)",AND,Andorra,2017,2017,96.27938,,
X_US_FSGOV,"Government expenditure on education, US$ (millions)",ARG,Argentina,2012,2012,29187.28552,,
X_US_FSGOV,"Government expenditure on education, US$ (millions)",ARG,Argentina,2013,2013,30011.42828,,
X_US_FSGOV,"Government expenditure on education, US$ (millions)",ARG,Argentina,2014,2014,28218.33751,,
X_US_FSGOV,"Government expenditure on education, US$ (millions)",ARG,Argentina,2015,2015,34353.38171,,
X_US_FSGOV,"Government expenditure on education, US$ (millions)",ARG,Argentina,2016,2016,30917.83822,,
X_US_FSGOV,"Government expenditure on education, US$ (millions)",ARM,Armenia,2012,2012,294.41827,,
X_US_FSGOV,"Government expenditure on education, US$ (millions)",ARM,Armenia,2013,2013,294.7388,,
X_US_FSGOV,"Government expenditure on education, US$ (millions)",ARM,Armenia,2014,2014,260.89353,,
X_US_FSGOV,"Government expenditure on education, US$ (millions)",ARM,Armenia,2015,2015,296.11674,,
X_US_FSGOV,"Government expenditure on education, US$ (millions)",ARM,Armenia,2016,2016,290.87508,,
X_US_FSGOV,"Government expenditure on education, US$ (millions)",ABW,Aruba,2012,2012,165.99487,,
X_US_FSGOV,"Government expenditure on education, US$ (millions)",ABW,Aruba,2013,2013,175.75436,,
X_US_FSGOV,"Government expenditure on education, US$ (millions)",ABW,Aruba,2014,2014,163.30051,,
X_US_FSGOV,"Government expenditure on education, US$ (millions)",ABW,Aruba,2015,2015,174.46398,,
X_US_FSGOV,"Government expenditure on education, US$ (millions)",AZE,Azerbaijan,2012,2012,1440.80321,,
X_US_FSGOV,"Government expenditure on education, US$ (millions)",AZE,Azerbaijan,2013,2013,1811.19299,,
X_US_FSGOV,"Government expenditure on education, US$ (millions)",AZE,Azerbaijan,2014,2014,1981.21242,,
X_US_FSGOV,"Government expenditure on education, US$ (millions)",AZE,Azerbaijan,2015,2015,1566.58764,,
X_US_FSGOV,"Government expenditure on education, US$ (millions)",AZE,Azerbaijan,2016,2016,1099.44802,,
X_US_FSGOV,"Government expenditure on education, US$ (millions)",BHR,Bahrain,2012,2012,813.41474,,
X_US_FSGOV,"Government expenditure on education, US$ (millions)",BHR,Bahrain,2013,2013,805.9654,,
X_US_FSGOV,"Government expenditure on education, US$ (millions)",BHR,Bahrain,2014,2014,823.82807,,
X_US_FSGOV,"Government expenditure on education, US$ (millions)",BHR,Bahrain,2015,2015,830.4628,,
X_US_FSGOV,"Government expenditure on education, US$ (millions)",BHR,Bahrain,2017,2017,824.59461,,
X_US_FSGOV,"Government expenditure on education, US$ (millions)",BGD,Bangladesh,2012,2012,2798.52071,,
X_US_FSGOV,"Government expenditure on education, US$ (millions)",BGD,Bangladesh,2013,2013,2621.98744,‡,UIS Estimation
X_US_FSGOV,"Government expenditure on education, US$ (millions)",BGD,Bangladesh,2016,2016,3399.90854,,
X_US_FSGOV,"Government expenditure on education, US$ (millions)",BRB,Barbados,2012,2012,245.11194,,
X_US_FSGOV,"Government expenditure on education, US$ (millions)",BRB,Barbados,2013,2013,237.36864,,
X_US_FSGOV,"Government expenditure on education, US$ (millions)",BRB,Barbados,2014,2014,287.33167,,
X_US_FSGOV,"Government expenditure on education, US$ (millions)",BRB,Barbados,2016,2016,233.45786,,
X_US_FSGOV,"Government expenditure on education, US$ (millions)",BRB,Barbados,2017,2017,210.89612,,
X_US_FSGOV,"Government expenditure on education, US$ (millions)",BLR,Belarus,2012,2012,3257.74787,,
X_US_FSGOV,"Government expenditure on education, US$ (millions)",BLR,Belarus,2013,2013,3783.51288,,
X_US_FSGOV,"Government expenditure on education, US$ (millions)",BLR,Belarus,2014,2014,3797.49568,,
X_US_FSGOV,"Government expenditure on education, US$ (millions)",BLR,Belarus,2015,2015,2702.7836,,
X_US_FSGOV,"Government expenditure on education, US$ (millions)",BLR,Belarus,2016,2016,2360.62276,,
X_US_FSGOV,"Government expenditure on education, US$ (millions)",BLR,Belarus,2017,2017,2624.13606,,
X_US_FSGOV,"Government expenditure on education, US$ (millions)",BEN,Benin,2012,2012,396.8796,,
X_US_FSGOV,"Government expenditure on education, US$ (millions)",BEN,Benin,2013,2013,416.41383,,
X_US_FSGOV,"Government expenditure on education, US$ (millions)",BEN,Benin,2014,2014,419.47057,,
X_US_FSGOV,"Government expenditure on education, US$ (millions)",BEN,Benin,2015,2015,361.19881,,
X_US_FSGOV,"Government expenditure on education, US$ (millions)",BEN,Benin,2016,2016,342.47148,‡,UIS Estimation
X_US_FSGOV,"Government expenditure on education, US$ (millions)",BMU,Bermuda,2014,2014,99.371,,
X_US_FSGOV,"Government expenditure on education, US$ (millions)",BMU,Bermuda,2015,2015,96.31472,,
X_US_FSGOV,"Government expenditure on education, US$ (millions)",BTN,Bhutan,2013,2013,101.93822,,
X_US_FSGOV,"Government expenditure on education, US$ (millions)",BTN,Bhutan,2014,2014,106.16149,,
X_US_FSGOV,"Government expenditure on education, US$ (millions)",BTN,Bhutan,2015,2015,143.71277,,
X_US_FSGOV,"Government expenditure on education, US$ (millions)",BTN,Bhutan,2016,2016,140.14428,‡,UIS Estimation
X_US_FSGOV,"Government expenditure on education, US$ (millions)",BTN,Bhutan,2017,2017,156.0018,‡,UIS Estimation
X_US_FSGOV,"Government expenditure on education, US$ (millions)",BOL,Bolivia (Plurinational State of),2012,2012,1740.24503,,
X_US_FSGOV,"Government expenditure on education, US$ (millions)",BOL,Bolivia (Plurinational State of),2013,2013,1918.64125,,
X_US_FSGOV,"Government expenditure on education, US$ (millions)",BOL,Bolivia (Plurinational State of),2014,2014,2403.88651,,
X_US_FSGOV,"Government expenditure on education, US$ (millions)",BRA,Brazil,2012,2012,144339.2393,,
X_US_FSGOV,"Government expenditure on education, US$ (millions)",BRA,Brazil,2013,2013,144383.4178,,
X_US_FSGOV,"Government expenditure on education, US$ (millions)",BRA,Brazil,2014,2014,146094.2443,,
X_US_FSGOV,"Government expenditure on education, US$ (millions)",BRA,Brazil,2015,2015,112477.2584,,
X_US_FSGOV,"Government expenditure on education, US$ (millions)",BRN,Brunei Darussalam,2012,2012,535.30487,,
X_US_FSGOV,"Government expenditure on education, US$ (millions)",BRN,Brunei Darussalam,2014,2014,606.72068,,
X_US_FSGOV,"Government expenditure on education, US$ (millions)",BRN,Brunei Darussalam,2016,2016,572.22235,,
X_US_FSGOV,"Government expenditure on education, US$ (millions)",BGR,Bulgaria,2012,2012,1887.69974,,
X_US_FSGOV,"Government expenditure on education, US$ (millions)",BGR,Bulgaria,2013,2013,2264.90364,,
X_US_FSGOV,"Government expenditure on education, US$ (millions)",BFA,Burkina Faso,2012,2012,452.61931,,
X_US_FSGOV,"Government expenditure on education, US$ (millions)",BFA,Burkina Faso,2013,2013,548.83408,,
X_US_FSGOV,"Government expenditure on education, US$ (millions)",BFA,Burkina Faso,2014,2014,564.40102,,
X_US_FSGOV,"Government expenditure on education, US$ (millions)",BFA,Burkina Faso,2015,2015,434.07574,,
X_US_FSGOV,"Government expenditure on education, US$ (millions)",BDI,Burundi,2012,2012,143.91526,,
X_US_FSGOV,"Government expenditure on education, US$ (millions)",BDI,Burundi,2013,2013,146.98365,,
X_US_FSGOV,"Government expenditure on education, US$ (millions)",BDI,Burundi,2014,2014,183.57435,‡,UIS Estimation
X_US_FSGOV,"Government expenditure on education, US$ (millions)",BDI,Burundi,2015,2015,197.76441,‡,UIS Estimation
X_US_FSGOV,"Government expenditure on education, US$ (millions)",BDI,Burundi,2016,2016,138.86861,‡,UIS Estimation
X_US_FSGOV,"Government expenditure on education, US$ (millions)",BDI,Burundi,2017,2017,151.06518,‡,UIS Estimation
X_US_FSGOV,"Government expenditure on education, US$ (millions)",KHM,Cambodia,2012,2012,219.37612,,
X_US_FSGOV,"Government expenditure on education, US$ (millions)",KHM,Cambodia,2013,2013,312.25574,,
X_US_FSGOV,"Government expenditure on education, US$ (millions)",KHM,Cambodia,2014,2014,318.91854,,
X_US_FSGOV,"Government expenditure on education, US$ (millions)",CMR,Cameroon,2012,2012,784.99991,,
X_US_FSGOV,"Government expenditure on education, US$ (millions)",CMR,Cameroon,2013,2013,895.40311,,
X_US_FSGOV,"Government expenditure on education, US$ (millions)",CMR,Cameroon,2014,2014,938.96221,‡,UIS Estimation
X_US_FSGOV,"Government expenditure on education, US$ (millions)",CMR,Cameroon,2015,2015,855.7772,‡,UIS Estimation
X_US_FSGOV,"Government expenditure on education, US$ (millions)",CMR,Cameroon,2016,2016,865.86341,‡,UIS Estimation
X_US_FSGOV,"Government expenditure on education, US$ (millions)",CMR,Cameroon,2017,2017,1071.07848,‡,UIS Estimation
X_US_FSGOV,"Government expenditure on education, US$ (millions)",CPV,Cabo Verde,2013,2013,92.57425,,
X_US_FSGOV,"Government expenditure on education, US$ (millions)",CPV,Cabo Verde,2014,2014,92.23466,,
X_US_FSGOV,"Government expenditure on education, US$ (millions)",CPV,Cabo Verde,2015,2015,84.06803,,
X_US_FSGOV,"Government expenditure on education, US$ (millions)",CPV,Cabo Verde,2016,2016,87.9532,,
X_US_FSGOV,"Government expenditure on education, US$ (millions)",CPV,Cabo Verde,2017,2017,91.62812,,
X_US_FSGOV,"Government expenditure on education, US$ (millions)",TCD,Chad,2012,2012,272.85879,,
X_US_FSGOV,"Government expenditure on education, US$ (millions)",TCD,Chad,2013,2013,369.16325,,
X_US_FSGOV,"Government expenditure on education, US$ (millions)",CHL,Chile,2013,2013,12609.22567,,
X_US_FSGOV,"Government expenditure on education, US$ (millions)",CHL,Chile,2014,2014,12326.10554,,
X_US_FSGOV,"Government expenditure on education, US$ (millions)",CHL,Chile,2015,2015,11891.80081,,
X_US_FSGOV,"Government expenditure on education, US$ (millions)",CHL,Chile,2016,2016,13378.53693,,
X_US_FSGOV,"Government expenditure on education, US$ (millions)",COL,Colombia,2012,2012,16210.70647,,
X_US_FSGOV,"Government expenditure on education, US$ (millions)",COL,Colombia,2013,2013,18641.7326,,
X_US_FSGOV,"Government expenditure on education, US$ (millions)",COL,Colombia,2014,2014,17643.4514,,
X_US_FSGOV,"Government expenditure on education, US$ (millions)",COL,Colombia,2015,2015,13119.77279,,
X_US_FSGOV,"Government expenditure on education, US$ (millions)",COL,Colombia,2016,2016,12662.67395,,
X_US_FSGOV,"Government expenditure on education, US$ (millions)",COL,Colombia,2017,2017,13603.54395,,
X_US_FSGOV,"Government expenditure on education, US$ (millions)",COM,Comoros,2012,2012,27.91531,,
X_US_FSGOV,"Government expenditure on education, US$ (millions)",COM,Comoros,2013,2013,26.58936,,
X_US_FSGOV,"Government expenditure on education, US$ (millions)",COM,Comoros,2014,2014,31.51113,,
X_US_FSGOV,"Government expenditure on education, US$ (millions)",COM,Comoros,2015,2015,24.57611,,
X_US_FSGOV,"Government expenditure on education, US$ (millions)",COG,Congo,2014,2014,569.53564,‡,UIS Estimation
X_US_FSGOV,"Government expenditure on education, US$ (millions)",COG,Congo,2015,2015,390.14989,‡,UIS Estimation
X_US_FSGOV,"Government expenditure on education, US$ (millions)",CRI,Costa Rica,2012,2012,3108.9786,,
X_US_FSGOV,"Government expenditure on education, US$ (millions)",CRI,Costa Rica,2013,2013,3407.20902,,
X_US_FSGOV,"Government expenditure on education, US$ (millions)",CRI,Costa Rica,2014,2014,3474.44901,,
X_US_FSGOV,"Government expenditure on education, US$ (millions)",CRI,Costa Rica,2015,2015,3879.53311,,
X_US_FSGOV,"Government expenditure on education, US$ (millions)",CRI,Costa Rica,2016,2016,4056.89203,,
X_US_FSGOV,"Government expenditure on education, US$ (millions)",CRI,Costa Rica,2017,2017,4240.6546,,
X_US_FSGOV,"Government expenditure on education, US$ (millions)",CIV,Côte d'Ivoire,2012,2012,1246.86297,,
X_US_FSGOV,"Government expenditure on education, US$ (millions)",CIV,Côte d'Ivoire,2013,2013,1478.90365,,
X_US_FSGOV,"Government expenditure on education, US$ (millions)",CIV,Côte d'Ivoire,2014,2014,1619.15659,,
X_US_FSGOV,"Government expenditure on education, US$ (millions)",CIV,Côte d'Ivoire,2015,2015,1600.86791,‡,UIS Estimation
X_US_FSGOV,"Government expenditure on education, US$ (millions)",CIV,Côte d'Ivoire,2016,2016,1799.9612,‡,UIS Estimation
X_US_FSGOV,"Government expenditure on education, US$ (millions)",CIV,Côte d'Ivoire,2017,2017,1762.6293,‡,UIS Estimation
X_US_FSGOV,"Government expenditure on education, US$ (millions)",HRV,Croatia,2013,2013,2650.22644,,
X_US_FSGOV,"Government expenditure on education, US$ (millions)",CYP,Cyprus,2013,2013,1549.06267,,
X_US_FSGOV,"Government expenditure on education, US$ (millions)",CYP,Cyprus,2014,2014,1489.43877,,
X_US_FSGOV,"Government expenditure on education, US$ (millions)",CYP,Cyprus,2015,2015,1254.6989,,
X_US_FSGOV,"Government expenditure on education, US$ (millions)",COD,Democratic Republic of the Congo,2013,2013,673.75737,,
X_US_FSGOV,"Government expenditure on education, US$ (millions)",COD,Democratic Republic of the Congo,2014,2014,700.90902,‡,UIS Estimation
X_US_FSGOV,"Government expenditure on education, US$ (millions)",COD,Democratic Republic of the Congo,2015,2015,779.57091,,
X_US_FSGOV,"Government expenditure on education, US$ (millions)",COD,Democratic Republic of the Congo,2016,2016,741.35399,‡,UIS Estimation
X_US_FSGOV,"Government expenditure on education, US$ (millions)",COD,Democratic Republic of the Congo,2017,2017,547.265,‡,UIS Estimation
X_US_FSGOV,"Government expenditure on education, US$ (millions)",DMA,Dominica,2015,2015,17.73169,,
X_US_FSGOV,"Government expenditure on education, US$ (millions)",ECU,Ecuador,2012,2012,4082.3976,,
X_US_FSGOV,"Government expenditure on education, US$ (millions)",ECU,Ecuador,2013,2013,4760.89849,,
X_US_FSGOV,"Government expenditure on education, US$ (millions)",ECU,Ecuador,2014,2014,5351.81152,,
X_US_FSGOV,"Government expenditure on education, US$ (millions)",ECU,Ecuador,2015,2015,4963.22364,,
X_US_FSGOV,"Government expenditure on education, US$ (millions)",SLV,El Salvador,2012,2012,793.94838,,
X_US_FSGOV,"Government expenditure on education, US$ (millions)",SLV,El Salvador,2013,2013,835.98439,,
X_US_FSGOV,"Government expenditure on education, US$ (millions)",SLV,El Salvador,2014,2014,864.01039,,
X_US_FSGOV,"Government expenditure on education, US$ (millions)",SLV,El Salvador,2015,2015,916.40619,,
X_US_FSGOV,"Government expenditure on education, US$ (millions)",SLV,El Salvador,2016,2016,925.38113,,
X_US_FSGOV,"Government expenditure on education, US$ (millions)",SLV,El Salvador,2017,2017,930.5333,,
X_US_FSGOV,"Government expenditure on education, US$ (millions)",EST,Estonia,2012,2012,1086.04182,,
X_US_FSGOV,"Government expenditure on education, US$ (millions)",EST,Estonia,2013,2013,1216.23028,,
X_US_FSGOV,"Government expenditure on education, US$ (millions)",EST,Estonia,2014,2014,1436.95347,,
X_US_FSGOV,"Government expenditure on education, US$ (millions)",EST,Estonia,2015,2015,1177.07032,,
X_US_FSGOV,"Government expenditure on education, US$ (millions)",ETH,Ethiopia,2012,2012,1778.7388,,
X_US_FSGOV,"Government expenditure on education, US$ (millions)",ETH,Ethiopia,2013,2013,1948.35371,,
X_US_FSGOV,"Government expenditure on education, US$ (millions)",ETH,Ethiopia,2014,2014,2192.78161,,
X_US_FSGOV,"Government expenditure on education, US$ (millions)",ETH,Ethiopia,2015,2015,2634.86215,,
X_US_FSGOV,"Government expenditure on education, US$ (millions)",FJI,Fiji,2013,2013,162.6986,,
X_US_FSGOV,"Government expenditure on education, US$ (millions)",GAB,Gabon,2012,2012,517.44454,,
X_US_FSGOV,"Government expenditure on education, US$ (millions)",GAB,Gabon,2013,2013,532.94845,,
X_US_FSGOV,"Government expenditure on education, US$ (millions)",GAB,Gabon,2014,2014,484.79314,,
X_US_FSGOV,"Government expenditure on education, US$ (millions)",GMB,Gambia,2012,2012,37.32184,,
X_US_FSGOV,"Government expenditure on education, US$ (millions)",GMB,Gambia,2013,2013,25.014,,
X_US_FSGOV,"Government expenditure on education, US$ (millions)",GMB,Gambia,2014,2014,27.42857,,
X_US_FSGOV,"Government expenditure on education, US$ (millions)",GMB,Gambia,2016,2016,29.70352,‡,UIS Estimation
X_US_FSGOV,"Government expenditure on education, US$ (millions)",GEO,Georgia,2012,2012,314.28529,,
X_US_FSGOV,"Government expenditure on education, US$ (millions)",GEO,Georgia,2016,2016,544.17531,,
X_US_FSGOV,"Government expenditure on education, US$ (millions)",GEO,Georgia,2017,2017,580.59135,,
X_US_FSGOV,"Government expenditure on education, US$ (millions)",GHA,Ghana,2012,2012,3321.2675,,
X_US_FSGOV,"Government expenditure on education, US$ (millions)",GHA,Ghana,2013,2013,2915.24401,,
X_US_FSGOV,"Government expenditure on education, US$ (millions)",GHA,Ghana,2014,2014,2407.66843,,
X_US_FSGOV,"Government expenditure on education, US$ (millions)",GHA,Ghana,2015,2015,2218.54162,‡,UIS Estimation
X_US_FSGOV,"Government expenditure on education, US$ (millions)",GHA,Ghana,2016,2016,2468.19258,‡,UIS Estimation
X_US_FSGOV,"Government expenditure on education, US$ (millions)",GHA,Ghana,2017,2017,2134.49098,‡,UIS Estimation
X_US_FSGOV,"Government expenditure on education, US$ (millions)",GTM,Guatemala,2012,2012,1490.42135,,
X_US_FSGOV,"Government expenditure on education, US$ (millions)",GTM,Guatemala,2013,2013,1530.58874,,
X_US_FSGOV,"Government expenditure on education, US$ (millions)",GTM,Guatemala,2014,2014,1727.25469,,
X_US_FSGOV,"Government expenditure on education, US$ (millions)",GTM,Guatemala,2015,2015,1884.4448,,
X_US_FSGOV,"Government expenditure on education, US$ (millions)",GTM,Guatemala,2016,2016,1945.10991,,
X_US_FSGOV,"Government expenditure on education, US$ (millions)",GTM,Guatemala,2017,2017,2113.8673,,
X_US_FSGOV,"Government expenditure on education, US$ (millions)",GIN,Guinea,2012,2012,137.61554,,
X_US_FSGOV,"Government expenditure on education, US$ (millions)",GIN,Guinea,2013,2013,217.666,,
X_US_FSGOV,"Government expenditure on education, US$ (millions)",GIN,Guinea,2014,2014,212.35993,,
X_US_FSGOV,"Government expenditure on education, US$ (millions)",GIN,Guinea,2015,2015,222.96266,,
X_US_FSGOV,"Government expenditure on education, US$ (millions)",GIN,Guinea,2016,2016,233.56727,,
X_US_FSGOV,"Government expenditure on education, US$ (millions)",GIN,Guinea,2017,2017,232.17266,,
X_US_FSGOV,"Government expenditure on education, US$ (millions)",GUY,Guyana,2012,2012,91.06692,,
X_US_FSGOV,"Government expenditure on education, US$ (millions)",GUY,Guyana,2014,2014,179.97948,,
X_US_FSGOV,"Government expenditure on education, US$ (millions)",GUY,Guyana,2015,2015,166.7296,,
X_US_FSGOV,"Government expenditure on education, US$ (millions)",GUY,Guyana,2016,2016,212.37888,,
X_US_FSGOV,"Government expenditure on education, US$ (millions)",GUY,Guyana,2017,2017,229.75432,,
X_US_FSGOV,"Government expenditure on education, US$ (millions)",HTI,Haiti,2015,2015,275.45724,,
X_US_FSGOV,"Government expenditure on education, US$ (millions)",HTI,Haiti,2016,2016,195.248,,
X_US_FSGOV,"Government expenditure on education, US$ (millions)",VAT,Holy See,2012,2012,,a,Category not applicable
X_US_FSGOV,"Government expenditure on education, US$ (millions)",VAT,Holy See,2013,2013,,a,Category not applicable
X_US_FSGOV,"Government expenditure on education, US$ (millions)",VAT,Holy See,2014,2014,,a,Category not applicable
X_US_FSGOV,"Government expenditure on education, US$ (millions)",VAT,Holy See,2015,2015,,a,Category not applicable
X_US_FSGOV,"Government expenditure on education, US$ (millions)",VAT,Holy See,2016,2016,,a,Category not applicable
X_US_FSGOV,"Government expenditure on education, US$ (millions)",VAT,Holy See,2017,2017,,a,Category not applicable
X_US_FSGOV,"Government expenditure on education, US$ (millions)",VAT,Holy See,2018,2018,,a,Category not applicable
X_US_FSGOV,"Government expenditure on education, US$ (millions)",HND,Honduras,2013,2013,1086.84506,,
X_US_FSGOV,"Government expenditure on education, US$ (millions)",HND,Honduras,2014,2014,1400.75945,,
X_US_FSGOV,"Government expenditure on education, US$ (millions)",HND,Honduras,2015,2015,1345.42693,,
X_US_FSGOV,"Government expenditure on education, US$ (millions)",HND,Honduras,2016,2016,1363.95009,,
X_US_FSGOV,"Government expenditure on education, US$ (millions)",HND,Honduras,2017,2017,1368.61205,,
X_US_FSGOV,"Government expenditure on education, US$ (millions)",HKG,"China, Hong Kong Special Administrative Region",2012,2012,8721.86536,,
X_US_FSGOV,"Government expenditure on education, US$ (millions)",HKG,"China, Hong Kong Special Administrative Region",2013,2013,9875.71554,,
X_US_FSGOV,"Government expenditure on education, US$ (millions)",HKG,"China, Hong Kong Special Administrative Region",2014,2014,9849.40691,,
X_US_FSGOV,"Government expenditure on education, US$ (millions)",HKG,"China, Hong Kong Special Administrative Region",2015,2015,9507.74429,,
X_US_FSGOV,"Government expenditure on education, US$ (millions)",HKG,"China, Hong Kong Special Administrative Region",2016,2016,10186.92433,,
X_US_FSGOV,"Government expenditure on education, US$ (millions)",HKG,"China, Hong Kong Special Administrative Region",2017,2017,10620.04818,,
X_US_FSGOV,"Government expenditure on education, US$ (millions)",IND,India,2012,2012,70506.50862,,
X_US_FSGOV,"Government expenditure on education, US$ (millions)",IND,India,2013,2013,70266.65833,,
X_US_FSGOV,"Government expenditure on education, US$ (millions)",IDN,Indonesia,2012,2012,31276.20364,,
X_US_FSGOV,"Government expenditure on education, US$ (millions)",IDN,Indonesia,2013,2013,30652.04285,,
X_US_FSGOV,"Government expenditure on education, US$ (millions)",IDN,Indonesia,2014,2014,29290.04051,,
X_US_FSGOV,"Government expenditure on education, US$ (millions)",IDN,Indonesia,2015,2015,30849.57429,,
X_US_FSGOV,"Government expenditure on education, US$ (millions)",IRN,Iran (Islamic Republic of),2012,2012,18488.71803,,
X_US_FSGOV,"Government expenditure on education, US$ (millions)",IRN,Iran (Islamic Republic of),2013,2013,18372.5427,,
X_US_FSGOV,"Government expenditure on education, US$ (millions)",IRN,Iran (Islamic Republic of),2014,2014,13093.91098,,
X_US_FSGOV,"Government expenditure on education, US$ (millions)",IRN,Iran (Islamic Republic of),2015,2015,12153.95534,,
X_US_FSGOV,"Government expenditure on education, US$ (millions)",IRN,Iran (Islamic Republic of),2016,2016,12987.62049,,
X_US_FSGOV,"Government expenditure on education, US$ (millions)",IRN,Iran (Islamic Republic of),2017,2017,15880.89738,,
X_US_FSGOV,"Government expenditure on education, US$ (millions)",ISR,Israel,2012,2012,14658.87266,,
X_US_FSGOV,"Government expenditure on education, US$ (millions)",ISR,Israel,2013,2013,17221.11443,,
X_US_FSGOV,"Government expenditure on education, US$ (millions)",ISR,Israel,2014,2014,17931.74767,,
X_US_FSGOV,"Government expenditure on education, US$ (millions)",ISR,Israel,2015,2015,17590.92663,,
X_US_FSGOV,"Government expenditure on education, US$ (millions)",JAM,Jamaica,2012,2012,882.93403,,
X_US_FSGOV,"Government expenditure on education, US$ (millions)",JAM,Jamaica,2013,2013,925.59192,,
X_US_FSGOV,"Government expenditure on education, US$ (millions)",JAM,Jamaica,2014,2014,859.4562,,
X_US_FSGOV,"Government expenditure on education, US$ (millions)",JAM,Jamaica,2015,2015,758.23276,,
X_US_FSGOV,"Government expenditure on education, US$ (millions)",JAM,Jamaica,2016,2016,754.55264,,
X_US_FSGOV,"Government expenditure on education, US$ (millions)",JAM,Jamaica,2017,2017,740.47952,,
X_US_FSGOV,"Government expenditure on education, US$ (millions)",JOR,Jordan,2016,2016,1506.06761,,
X_US_FSGOV,"Government expenditure on education, US$ (millions)",JOR,Jordan,2017,2017,1442.29296,,
X_US_FSGOV,"Government expenditure on education, US$ (millions)",KAZ,Kazakhstan,2015,2015,5141.82651,,
X_US_FSGOV,"Government expenditure on education, US$ (millions)",KAZ,Kazakhstan,2016,2016,4088.28273,,
X_US_FSGOV,"Government expenditure on education, US$ (millions)",KAZ,Kazakhstan,2017,2017,4588.52488,,
X_US_FSGOV,"Government expenditure on education, US$ (millions)",KEN,Kenya,2012,2012,2311.23242,,
X_US_FSGOV,"Government expenditure on education, US$ (millions)",KEN,Kenya,2013,2013,2728.0264,,
X_US_FSGOV,"Government expenditure on education, US$ (millions)",KEN,Kenya,2014,2014,2909.22438,,
X_US_FSGOV,"Government expenditure on education, US$ (millions)",KEN,Kenya,2015,2015,3239.13277,,
X_US_FSGOV,"Government expenditure on education, US$ (millions)",KEN,Kenya,2016,2016,3432.49894,‡,UIS Estimation
X_US_FSGOV,"Government expenditure on education, US$ (millions)",KEN,Kenya,2017,2017,3713.14319,‡,UIS Estimation
X_US_FSGOV,"Government expenditure on education, US$ (millions)",KGZ,Kyrgyzstan,2012,2012,487.73841,,
X_US_FSGOV,"Government expenditure on education, US$ (millions)",KGZ,Kyrgyzstan,2013,2013,497.32958,,
X_US_FSGOV,"Government expenditure on education, US$ (millions)",KGZ,Kyrgyzstan,2014,2014,413.10543,,
X_US_FSGOV,"Government expenditure on education, US$ (millions)",KGZ,Kyrgyzstan,2015,2015,399.72325,,
X_US_FSGOV,"Government expenditure on education, US$ (millions)",KGZ,Kyrgyzstan,2016,2016,448.72064,,
X_US_FSGOV,"Government expenditure on education, US$ (millions)",KGZ,Kyrgyzstan,2017,2017,545.24575,‡,UIS Estimation
X_US_FSGOV,"Government expenditure on education, US$ (millions)",LAO,Lao People's Democratic Republic,2012,2012,185.63217,,
X_US_FSGOV,"Government expenditure on education, US$ (millions)",LAO,Lao People's Democratic Republic,2013,2013,386.18946,,
X_US_FSGOV,"Government expenditure on education, US$ (millions)",LAO,Lao People's Democratic Republic,2014,2014,389.80239,,
X_US_FSGOV,"Government expenditure on education, US$ (millions)",LVA,Latvia,2012,2012,1854.34315,,
X_US_FSGOV,"Government expenditure on education, US$ (millions)",LVA,Latvia,2013,2013,2113.42094,,
X_US_FSGOV,"Government expenditure on education, US$ (millions)",LVA,Latvia,2014,2014,1655.40914,,
X_US_FSGOV,"Government expenditure on education, US$ (millions)",LVA,Latvia,2015,2015,1439.59831,,
X_US_FSGOV,"Government expenditure on education, US$ (millions)",LBN,Lebanon,2012,2012,945.93294,,
X_US_FSGOV,"Government expenditure on education, US$ (millions)",LBN,Lebanon,2013,2013,1141.04531,,
X_US_FSGOV,"Government expenditure on education, US$ (millions)",LSO,Lesotho,2018,2018,167.8882,,
X_US_FSGOV,"Government expenditure on education, US$ (millions)",LBR,Liberia,2012,2012,42.61528,,
X_US_FSGOV,"Government expenditure on education, US$ (millions)",LBR,Liberia,2013,2013,47.2,‡,UIS Estimation
X_US_FSGOV,"Government expenditure on education, US$ (millions)",LBR,Liberia,2014,2014,69.9,‡,UIS Estimation
X_US_FSGOV,"Government expenditure on education, US$ (millions)",LBR,Liberia,2015,2015,82.75,‡,UIS Estimation
X_US_FSGOV,"Government expenditure on education, US$ (millions)",LBR,Liberia,2016,2016,81.54,‡,UIS Estimation
X_US_FSGOV,"Government expenditure on education, US$ (millions)",LBR,Liberia,2017,2017,80.39,‡,UIS Estimation
X_US_FSGOV,"Government expenditure on education, US$ (millions)",LTU,Lithuania,2012,2012,2042.49905,,
X_US_FSGOV,"Government expenditure on education, US$ (millions)",LTU,Lithuania,2013,2013,2141.15958,,
X_US_FSGOV,"Government expenditure on education, US$ (millions)",LTU,Lithuania,2014,2014,2177.50043,,
X_US_FSGOV,"Government expenditure on education, US$ (millions)",LTU,Lithuania,2015,2015,1750.85378,,
X_US_FSGOV,"Government expenditure on education, US$ (millions)",MDG,Madagascar,2012,2012,271.02552,,
X_US_FSGOV,"Government expenditure on education, US$ (millions)",MDG,Madagascar,2013,2013,220.75969,,
X_US_FSGOV,"Government expenditure on education, US$ (millions)",MDG,Madagascar,2014,2014,298.20055,‡,UIS Estimation
X_US_FSGOV,"Government expenditure on education, US$ (millions)",MWI,Malawi,2013,2013,326.51202,,
X_US_FSGOV,"Government expenditure on education, US$ (millions)",MWI,Malawi,2014,2014,267.10595,,
X_US_FSGOV,"Government expenditure on education, US$ (millions)",MWI,Malawi,2015,2015,339.5906,,
X_US_FSGOV,"Government expenditure on education, US$ (millions)",MWI,Malawi,2016,2016,302.63571,,
X_US_FSGOV,"Government expenditure on education, US$ (millions)",MWI,Malawi,2017,2017,219.02348,‡,UIS Estimation
X_US_FSGOV,"Government expenditure on education, US$ (millions)",MYS,Malaysia,2012,2012,18045.99561,,
X_US_FSGOV,"Government expenditure on education, US$ (millions)",MYS,Malaysia,2013,2013,17719.48204,,
X_US_FSGOV,"Government expenditure on education, US$ (millions)",MYS,Malaysia,2014,2014,17621.94915,,
X_US_FSGOV,"Government expenditure on education, US$ (millions)",MYS,Malaysia,2015,2015,14750.93764,,
X_US_FSGOV,"Government expenditure on education, US$ (millions)",MYS,Malaysia,2016,2016,14315.40268,,
X_US_FSGOV,"Government expenditure on education, US$ (millions)",MYS,Malaysia,2017,2017,14919.49014,,
X_US_FSGOV,"Government expenditure on education, US$ (millions)",MDV,Maldives,2012,2012,108.53107,,
X_US_FSGOV,"Government expenditure on education, US$ (millions)",MDV,Maldives,2013,2013,125.21431,,
X_US_FSGOV,"Government expenditure on education, US$ (millions)",MDV,Maldives,2014,2014,128.31513,,
X_US_FSGOV,"Government expenditure on education, US$ (millions)",MDV,Maldives,2015,2015,179.44025,,
X_US_FSGOV,"Government expenditure on education, US$ (millions)",MDV,Maldives,2016,2016,179.55175,,
X_US_FSGOV,"Government expenditure on education, US$ (millions)",MLI,Mali,2012,2012,432.94426,,
X_US_FSGOV,"Government expenditure on education, US$ (millions)",MLI,Mali,2013,2013,434.85305,,
X_US_FSGOV,"Government expenditure on education, US$ (millions)",MLI,Mali,2014,2014,523.36355,,
X_US_FSGOV,"Government expenditure on education, US$ (millions)",MLI,Mali,2015,2015,497.98018,,
X_US_FSGOV,"Government expenditure on education, US$ (millions)",MLI,Mali,2016,2016,433.78,,
X_US_FSGOV,"Government expenditure on education, US$ (millions)",MLT,Malta,2012,2012,600.42259,,
X_US_FSGOV,"Government expenditure on education, US$ (millions)",MLT,Malta,2013,2013,799.41676,,
X_US_FSGOV,"Government expenditure on education, US$ (millions)",MLT,Malta,2014,2014,813.24817,,
X_US_FSGOV,"Government expenditure on education, US$ (millions)",MLT,Malta,2015,2015,556.98386,,
X_US_FSGOV,"Government expenditure on education, US$ (millions)",MRT,Mauritania,2012,2012,145.05024,,
X_US_FSGOV,"Government expenditure on education, US$ (millions)",MRT,Mauritania,2013,2013,168.14298,,
X_US_FSGOV,"Government expenditure on education, US$ (millions)",MRT,Mauritania,2016,2016,124.69435,‡,UIS Estimation
X_US_FSGOV,"Government expenditure on education, US$ (millions)",MUS,Mauritius,2012,2012,398.85857,,
X_US_FSGOV,"Government expenditure on education, US$ (millions)",MUS,Mauritius,2013,2013,438.58261,,
X_US_FSGOV,"Government expenditure on education, US$ (millions)",MUS,Mauritius,2014,2014,629.53928,,
X_US_FSGOV,"Government expenditure on education, US$ (millions)",MUS,Mauritius,2015,2015,571.36296,,
X_US_FSGOV,"Government expenditure on education, US$ (millions)",MUS,Mauritius,2016,2016,586.20463,,
X_US_FSGOV,"Government expenditure on education, US$ (millions)",MUS,Mauritius,2017,2017,614.45224,,
X_US_FSGOV,"Government expenditure on education, US$ (millions)",MDA,Republic of Moldova,2012,2012,608.19525,,
X_US_FSGOV,"Government expenditure on education, US$ (millions)",MDA,Republic of Moldova,2014,2014,595.91201,,
X_US_FSGOV,"Government expenditure on education, US$ (millions)",MDA,Republic of Moldova,2016,2016,452.68472,,
X_US_FSGOV,"Government expenditure on education, US$ (millions)",MDA,Republic of Moldova,2017,2017,543.28962,,
X_US_FSGOV,"Government expenditure on education, US$ (millions)",MCO,Monaco,2012,2012,102.22891,,
X_US_FSGOV,"Government expenditure on education, US$ (millions)",MCO,Monaco,2013,2013,87.45297,,
X_US_FSGOV,"Government expenditure on education, US$ (millions)",MCO,Monaco,2014,2014,72.14938,,
X_US_FSGOV,"Government expenditure on education, US$ (millions)",MOZ,Mozambique,2012,2012,883.03161,,
X_US_FSGOV,"Government expenditure on education, US$ (millions)",MOZ,Mozambique,2013,2013,1038.03566,,
X_US_FSGOV,"Government expenditure on education, US$ (millions)",NAM,Namibia,2014,2014,396.77113,,
X_US_FSGOV,"Government expenditure on education, US$ (millions)",NPL,Nepal,2012,2012,711.3708,,
X_US_FSGOV,"Government expenditure on education, US$ (millions)",NPL,Nepal,2013,2013,655.02341,,
X_US_FSGOV,"Government expenditure on education, US$ (millions)",NPL,Nepal,2014,2014,769.50127,,
X_US_FSGOV,"Government expenditure on education, US$ (millions)",NPL,Nepal,2015,2015,740.82702,,
X_US_FSGOV,"Government expenditure on education, US$ (millions)",NPL,Nepal,2016,2016,950.85388,‡,UIS Estimation
X_US_FSGOV,"Government expenditure on education, US$ (millions)",NPL,Nepal,2017,2017,1076.80535,‡,UIS Estimation
X_US_FSGOV,"Government expenditure on education, US$ (millions)",NIC,Nicaragua,2014,2014,485.11301,,
X_US_FSGOV,"Government expenditure on education, US$ (millions)",NIC,Nicaragua,2015,2015,520.27384,,
X_US_FSGOV,"Government expenditure on education, US$ (millions)",NIC,Nicaragua,2016,2016,542.25077,,
X_US_FSGOV,"Government expenditure on education, US$ (millions)",NIC,Nicaragua,2017,2017,600.7534,,
X_US_FSGOV,"Government expenditure on education, US$ (millions)",NER,Niger,2012,2012,300.43603,,
X_US_FSGOV,"Government expenditure on education, US$ (millions)",NER,Niger,2013,2013,377.14384,,
X_US_FSGOV,"Government expenditure on education, US$ (millions)",NER,Niger,2014,2014,553.67252,,
X_US_FSGOV,"Government expenditure on education, US$ (millions)",NER,Niger,2015,2015,434.31027,,
X_US_FSGOV,"Government expenditure on education, US$ (millions)",NER,Niger,2016,2016,307.43433,,
X_US_FSGOV,"Government expenditure on education, US$ (millions)",NER,Niger,2017,2017,287.65983,,
X_US_FSGOV,"Government expenditure on education, US$ (millions)",PSE,Palestine,2012,2012,578.93545,,
X_US_FSGOV,"Government expenditure on education, US$ (millions)",PSE,Palestine,2013,2013,661.53965,,
X_US_FSGOV,"Government expenditure on education, US$ (millions)",PSE,Palestine,2015,2015,651.56437,,
X_US_FSGOV,"Government expenditure on education, US$ (millions)",PSE,Palestine,2016,2016,767.64498,,
X_US_FSGOV,"Government expenditure on education, US$ (millions)",PSE,Palestine,2017,2017,761.48922,,
X_US_FSGOV,"Government expenditure on education, US$ (millions)",OMN,Oman,2013,2013,3915.66882,,
X_US_FSGOV,"Government expenditure on education, US$ (millions)",OMN,Oman,2016,2016,4082.68575,,
X_US_FSGOV,"Government expenditure on education, US$ (millions)",OMN,Oman,2017,2017,4848.11858,,
X_US_FSGOV,"Government expenditure on education, US$ (millions)",PAK,Pakistan,2012,2012,4562.82949,,
X_US_FSGOV,"Government expenditure on education, US$ (millions)",PAK,Pakistan,2013,2013,5594.86592,,
X_US_FSGOV,"Government expenditure on education, US$ (millions)",PAK,Pakistan,2014,2014,5701.68154,,
X_US_FSGOV,"Government expenditure on education, US$ (millions)",PAK,Pakistan,2015,2015,6475.61858,,
X_US_FSGOV,"Government expenditure on education, US$ (millions)",PAK,Pakistan,2016,2016,6741.71538,,
X_US_FSGOV,"Government expenditure on education, US$ (millions)",PAK,Pakistan,2017,2017,7692.20522,,
X_US_FSGOV,"Government expenditure on education, US$ (millions)",PRY,Paraguay,2012,2012,1220.67587,,
X_US_FSGOV,"Government expenditure on education, US$ (millions)",PRY,Paraguay,2016,2016,1239.67027,,
X_US_FSGOV,"Government expenditure on education, US$ (millions)",PER,Peru,2012,2012,5630.66522,,
X_US_FSGOV,"Government expenditure on education, US$ (millions)",PER,Peru,2013,2013,6633.33653,,
X_US_FSGOV,"Government expenditure on education, US$ (millions)",PER,Peru,2014,2014,7421.15642,,
X_US_FSGOV,"Government expenditure on education, US$ (millions)",PER,Peru,2015,2015,7533.99923,,
X_US_FSGOV,"Government expenditure on education, US$ (millions)",PER,Peru,2016,2016,7317.31237,,
X_US_FSGOV,"Government expenditure on education, US$ (millions)",PER,Peru,2017,2017,8294.83757,,
X_US_FSGOV,"Government expenditure on education, US$ (millions)",PRI,Puerto Rico,2013,2013,6582.49132,,
X_US_FSGOV,"Government expenditure on education, US$ (millions)",PRI,Puerto Rico,2014,2014,6221.4359,,
X_US_FSGOV,"Government expenditure on education, US$ (millions)",QAT,Qatar,2012,2012,5884.61538,,
X_US_FSGOV,"Government expenditure on education, US$ (millions)",QAT,Qatar,2013,2013,7611.30199,,
X_US_FSGOV,"Government expenditure on education, US$ (millions)",QAT,Qatar,2014,2014,7164.83516,,
X_US_FSGOV,"Government expenditure on education, US$ (millions)",QAT,Qatar,2017,2017,4780.54998,,
X_US_FSGOV,"Government expenditure on education, US$ (millions)",RUS,Russian Federation,2012,2012,83762.87698,,
X_US_FSGOV,"Government expenditure on education, US$ (millions)",RUS,Russian Federation,2015,2015,52276.33588,,
X_US_FSGOV,"Government expenditure on education, US$ (millions)",RWA,Rwanda,2012,2012,304.38412,,
X_US_FSGOV,"Government expenditure on education, US$ (millions)",RWA,Rwanda,2013,2013,363.00043,,
X_US_FSGOV,"Government expenditure on education, US$ (millions)",RWA,Rwanda,2014,2014,328.15989,‡,UIS Estimation
X_US_FSGOV,"Government expenditure on education, US$ (millions)",RWA,Rwanda,2015,2015,300.73926,‡,UIS Estimation
X_US_FSGOV,"Government expenditure on education, US$ (millions)",RWA,Rwanda,2016,2016,293.01002,‡,UIS Estimation
X_US_FSGOV,"Government expenditure on education, US$ (millions)",RWA,Rwanda,2017,2017,271.70479,‡,UIS Estimation
X_US_FSGOV,"Government expenditure on education, US$ (millions)",KNA,Saint Kitts and Nevis,2015,2015,24.40327,,
X_US_FSGOV,"Government expenditure on education, US$ (millions)",LCA,Saint Lucia,2012,2012,51.61469,,
X_US_FSGOV,"Government expenditure on education, US$ (millions)",LCA,Saint Lucia,2013,2013,61.95634,,
X_US_FSGOV,"Government expenditure on education, US$ (millions)",LCA,Saint Lucia,2014,2014,64.6064,,
X_US_FSGOV,"Government expenditure on education, US$ (millions)",LCA,Saint Lucia,2015,2015,67.88377,,
X_US_FSGOV,"Government expenditure on education, US$ (millions)",LCA,Saint Lucia,2016,2016,94.16995,,
X_US_FSGOV,"Government expenditure on education, US$ (millions)",VCT,Saint Vincent and the Grenadines,2016,2016,44.40113,,
X_US_FSGOV,"Government expenditure on education, US$ (millions)",VCT,Saint Vincent and the Grenadines,2017,2017,45.40729,,
X_US_FSGOV,"Government expenditure on education, US$ (millions)",WSM,Samoa,2016,2016,32.81105,,
X_US_FSGOV,"Government expenditure on education, US$ (millions)",STP,Sao Tome and Principe,2012,2012,16.01109,,
X_US_FSGOV,"Government expenditure on education, US$ (millions)",STP,Sao Tome and Principe,2013,2013,17.99284,,
X_US_FSGOV,"Government expenditure on education, US$ (millions)",STP,Sao Tome and Principe,2014,2014,13.08125,,
X_US_FSGOV,"Government expenditure on education, US$ (millions)",STP,Sao Tome and Principe,2015,2015,12.29937,,
X_US_FSGOV,"Government expenditure on education, US$ (millions)",STP,Sao Tome and Principe,2016,2016,17.97876,,
X_US_FSGOV,"Government expenditure on education, US$ (millions)",STP,Sao Tome and Principe,2017,2017,18.98516,,
X_US_FSGOV,"Government expenditure on education, US$ (millions)",SEN,Senegal,2012,2012,844.19691,,
X_US_FSGOV,"Government expenditure on education, US$ (millions)",SEN,Senegal,2013,2013,1075.84235,,
X_US_FSGOV,"Government expenditure on education, US$ (millions)",SEN,Senegal,2014,2014,1132.73683,,
X_US_FSGOV,"Government expenditure on education, US$ (millions)",SEN,Senegal,2015,2015,969.46753,,
X_US_FSGOV,"Government expenditure on education, US$ (millions)",SEN,Senegal,2016,2016,972.8884,,
X_US_FSGOV,"Government expenditure on education, US$ (millions)",SEN,Senegal,2017,2017,1014.51379,‡,UIS Estimation
X_US_FSGOV,"Government expenditure on education, US$ (millions)",SYC,Seychelles,2012,2012,27.69453,,
X_US_FSGOV,"Government expenditure on education, US$ (millions)",SYC,Seychelles,2013,2013,47.91921,,
X_US_FSGOV,"Government expenditure on education, US$ (millions)",SYC,Seychelles,2014,2014,54.84371,,
X_US_FSGOV,"Government expenditure on education, US$ (millions)",SYC,Seychelles,2016,2016,63.00209,,
X_US_FSGOV,"Government expenditure on education, US$ (millions)",SLE,Sierra Leone,2012,2012,109.19103,,
X_US_FSGOV,"Government expenditure on education, US$ (millions)",SLE,Sierra Leone,2013,2013,117.09498,,
X_US_FSGOV,"Government expenditure on education, US$ (millions)",SLE,Sierra Leone,2014,2014,133.54964,,
X_US_FSGOV,"Government expenditure on education, US$ (millions)",SLE,Sierra Leone,2016,2016,108.82285,,
X_US_FSGOV,"Government expenditure on education, US$ (millions)",SLE,Sierra Leone,2017,2017,175.00251,,
X_US_FSGOV,"Government expenditure on education, US$ (millions)",SGP,Singapore,2012,2012,8578.47035,,
X_US_FSGOV,"Government expenditure on education, US$ (millions)",SGP,Singapore,2013,2013,8422.82148,,
X_US_FSGOV,"Government expenditure on education, US$ (millions)",SVN,Slovenia,2012,2012,2617.9271,,
X_US_FSGOV,"Government expenditure on education, US$ (millions)",SVN,Slovenia,2013,2013,2616.47468,,
X_US_FSGOV,"Government expenditure on education, US$ (millions)",SVN,Slovenia,2014,2014,2642.18415,,
X_US_FSGOV,"Government expenditure on education, US$ (millions)",SVN,Slovenia,2015,2015,2115.52615,,
X_US_FSGOV,"Government expenditure on education, US$ (millions)",ZAF,South Africa,2012,2012,26561.98481,,
X_US_FSGOV,"Government expenditure on education, US$ (millions)",ZAF,South Africa,2013,2013,23833.62294,,
X_US_FSGOV,"Government expenditure on education, US$ (millions)",ZAF,South Africa,2014,2014,22180.78786,,
X_US_FSGOV,"Government expenditure on education, US$ (millions)",ZAF,South Africa,2015,2015,20900.54967,,
X_US_FSGOV,"Government expenditure on education, US$ (millions)",ZAF,South Africa,2016,2016,18875.7051,,
X_US_FSGOV,"Government expenditure on education, US$ (millions)",ZAF,South Africa,2017,2017,18116.49326,,
X_US_FSGOV,"Government expenditure on education, US$ (millions)",LKA,Sri Lanka,2012,2012,1023.92436,,
X_US_FSGOV,"Government expenditure on education, US$ (millions)",LKA,Sri Lanka,2013,2013,1204.35824,,
X_US_FSGOV,"Government expenditure on education, US$ (millions)",LKA,Sri Lanka,2014,2014,1533.92403,,
X_US_FSGOV,"Government expenditure on education, US$ (millions)",LKA,Sri Lanka,2015,2015,1795.36319,,
X_US_FSGOV,"Government expenditure on education, US$ (millions)",LKA,Sri Lanka,2016,2016,2842.20787,,
X_US_FSGOV,"Government expenditure on education, US$ (millions)",LKA,Sri Lanka,2017,2017,2447.33277,,
X_US_FSGOV,"Government expenditure on education, US$ (millions)",SWZ,Eswatini,2014,2014,325.07247,,
X_US_FSGOV,"Government expenditure on education, US$ (millions)",TJK,Tajikistan,2012,2012,306.69861,,
X_US_FSGOV,"Government expenditure on education, US$ (millions)",TJK,Tajikistan,2015,2015,410.90458,,
X_US_FSGOV,"Government expenditure on education, US$ (millions)",TZA,United Republic of Tanzania,2014,2014,1546.22947,,
X_US_FSGOV,"Government expenditure on education, US$ (millions)",THA,Thailand,2012,2012,18036.06783,,
X_US_FSGOV,"Government expenditure on education, US$ (millions)",THA,Thailand,2013,2013,17334.64572,,
X_US_FSGOV,"Government expenditure on education, US$ (millions)",TLS,Timor-Leste,2012,2012,83.12072,,
X_US_FSGOV,"Government expenditure on education, US$ (millions)",TLS,Timor-Leste,2013,2013,79.08646,,
X_US_FSGOV,"Government expenditure on education, US$ (millions)",TLS,Timor-Leste,2014,2014,108.77227,,
X_US_FSGOV,"Government expenditure on education, US$ (millions)",TGO,Togo,2012,2012,182.7997,,
X_US_FSGOV,"Government expenditure on education, US$ (millions)",TGO,Togo,2013,2013,191.12049,,
X_US_FSGOV,"Government expenditure on education, US$ (millions)",TGO,Togo,2014,2014,218.60134,,
X_US_FSGOV,"Government expenditure on education, US$ (millions)",TGO,Togo,2015,2015,213.49801,,
X_US_FSGOV,"Government expenditure on education, US$ (millions)",TGO,Togo,2016,2016,222.20468,,
X_US_FSGOV,"Government expenditure on education, US$ (millions)",TUN,Tunisia,2012,2012,2815.4216,,
X_US_FSGOV,"Government expenditure on education, US$ (millions)",TUN,Tunisia,2015,2015,2847.72635,,
X_US_FSGOV,"Government expenditure on education, US$ (millions)",UGA,Uganda,2012,2012,500.99931,,
X_US_FSGOV,"Government expenditure on education, US$ (millions)",UGA,Uganda,2013,2013,510.53881,,
X_US_FSGOV,"Government expenditure on education, US$ (millions)",UGA,Uganda,2014,2014,553.65624,,
X_US_FSGOV,"Government expenditure on education, US$ (millions)",UGA,Uganda,2015,2015,757.01067,‡,UIS Estimation
X_US_FSGOV,"Government expenditure on education, US$ (millions)",UGA,Uganda,2016,2016,693.5087,‡,UIS Estimation
X_US_FSGOV,"Government expenditure on education, US$ (millions)",UGA,Uganda,2017,2017,635.92557,‡,UIS Estimation
X_US_FSGOV,"Government expenditure on education, US$ (millions)",UKR,Ukraine,2012,2012,11763.87586,,
X_US_FSGOV,"Government expenditure on education, US$ (millions)",UKR,Ukraine,2013,2013,12229.82609,,
X_US_FSGOV,"Government expenditure on education, US$ (millions)",UKR,Ukraine,2014,2014,7843.24551,,
X_US_FSGOV,"Government expenditure on education, US$ (millions)",UKR,Ukraine,2016,2016,4676.92951,,
X_US_FSGOV,"Government expenditure on education, US$ (millions)",VUT,Vanuatu,2014,2014,40.02103,,
X_US_FSGOV,"Government expenditure on education, US$ (millions)",VUT,Vanuatu,2015,2015,40.95345,,
X_US_FSGOV,"Government expenditure on education, US$ (millions)",VUT,Vanuatu,2017,2017,40.51543,,
X_US_FSGOV,"Government expenditure on education, US$ (millions)",VNM,Viet Nam,2012,2012,8621.97252,,
X_US_FSGOV,"Government expenditure on education, US$ (millions)",VNM,Viet Nam,2013,2013,9677.46793,,
X_US_FSGOV,"Government expenditure on education, US$ (millions)",ZWE,Zimbabwe,2012,2012,1038.908,,
X_US_FSGOV,"Government expenditure on education, US$ (millions)",ZWE,Zimbabwe,2013,2013,1144.694,,
X_US_FSGOV,"Government expenditure on education, US$ (millions)",ZWE,Zimbabwe,2014,2014,1196.704,,
X_US_FSGOV,"Government expenditure on education, US$ (millions)",MAC,"China, Macao Special Administrative Region",2012,2012,1436.11922,,
X_US_FSGOV,"Government expenditure on education, US$ (millions)",MAC,"China, Macao Special Administrative Region",2013,2013,1056.74499,,
X_US_FSGOV,"Government expenditure on education, US$ (millions)",MAC,"China, Macao Special Administrative Region",2014,2014,1124.70505,,
X_US_FSGOV,"Government expenditure on education, US$ (millions)",MAC,"China, Macao Special Administrative Region",2015,2015,1352.55084,,
X_US_FSGOV,"Government expenditure on education, US$ (millions)",MAC,"China, Macao Special Administrative Region",2016,2016,1396.97814,,
X_US_FSGOV,"Government expenditure on education, US$ (millions)",SRB,Serbia,2012,2012,1803.49038,,
X_US_FSGOV,"Government expenditure on education, US$ (millions)",SRB,Serbia,2014,2014,1848.12227,,
X_US_FSGOV,"Government expenditure on education, US$ (millions)",SRB,Serbia,2015,2015,1501.53205,,
X_US_FSGOV,"Government expenditure on education, US$ (millions)",SRB,Serbia,2016,2016,1479.05452,,
X_US_FSGOV,"Government expenditure on education, US$ (millions)",BLZ,Belize,2013,2013,97.85183,,
X_US_FSGOV,"Government expenditure on education, US$ (millions)",BLZ,Belize,2014,2014,104.47312,,
X_US_FSGOV,"Government expenditure on education, US$ (millions)",BLZ,Belize,2015,2015,114.54848,,
X_US_FSGOV,"Government expenditure on education, US$ (millions)",BLZ,Belize,2016,2016,125.57487,,
X_US_FSGOV,"Government expenditure on education, US$ (millions)",BLZ,Belize,2017,2017,129.00205,,
X_US_FSGOV,"Government expenditure on education, US$ (millions)",GRD,Grenada,2016,2016,108.71481,,
X_US_FSGOV,"Government expenditure on education, US$ (millions)",GNB,Guinea-Bissau,2012,2012,19.80796,,
X_US_FSGOV,"Government expenditure on education, US$ (millions)",GNB,Guinea-Bissau,2013,2013,22.30133,,
X_US_FSGOV,"Government expenditure on education, US$ (millions)",FSM,Micronesia (Federated States of),2015,2015,39.26981,,
X_US_FSGOV,"Government expenditure on education, US$ (millions)",MNG,Mongolia,2012,2012,638.63535,,
X_US_FSGOV,"Government expenditure on education, US$ (millions)",MNG,Mongolia,2013,2013,621.65356,,
X_US_FSGOV,"Government expenditure on education, US$ (millions)",MNG,Mongolia,2014,2014,576.46207,,
X_US_FSGOV,"Government expenditure on education, US$ (millions)",MNG,Mongolia,2015,2015,490.78061,,
X_US_FSGOV,"Government expenditure on education, US$ (millions)",MNG,Mongolia,2016,2016,579.54054,,
X_US_FSGOV,"Government expenditure on education, US$ (millions)",MNG,Mongolia,2017,2017,467.1527,,
X_US_FSGOV,"Government expenditure on education, US$ (millions)",ROU,Romania,2012,2012,5057.31215,,
X_US_FSGOV,"Government expenditure on education, US$ (millions)",ROU,Romania,2014,2014,6241.17103,,
X_US_FSGOV,"Government expenditure on education, US$ (millions)",ROU,Romania,2015,2015,5526.72467,,
X_US_FSGOV,"Government expenditure on education, US$ (millions)",TKM,Turkmenistan,2012,2012,1072.24561,,
X_US_FSGOV,"Government expenditure on education, US$ (millions)",SSD,South Sudan,2013,2013,122.23813,,
X_US_FSGOV,"Government expenditure on education, US$ (millions)",SSD,South Sudan,2014,2014,227.09886,,
X_US_FSGOV,"Government expenditure on education, US$ (millions)",SSD,South Sudan,2015,2015,204.62505,,
X_US_FSGOV,"Government expenditure on education, US$ (millions)",SSD,South Sudan,2016,2016,163.26185,,
X_US_FSGOV,"Government expenditure on education, US$ (millions)",SSD,South Sudan,2017,2017,28.49379,,
X_US_FSGOV,"Government expenditure on education, US$ (millions)",MMR,Myanmar,2017,2017,1369.26491,,
X_US_FSGOV,"Government expenditure on education, US$ (millions)",UZB,Uzbekistan,2013,2013,4201.90931,‡,UIS Estimation
X_US_FSGOV,"Government expenditure on education, US$ (millions)",UZB,Uzbekistan,2014,2014,4615.66403,‡,UIS Estimation
X_US_FSGOV,"Government expenditure on education, US$ (millions)",UZB,Uzbekistan,2015,2015,4735.99975,‡,UIS Estimation
X_US_FSGOV,"Government expenditure on education, US$ (millions)",UZB,Uzbekistan,2016,2016,4635.02234,‡,UIS Estimation
X_US_FSGOV,"Government expenditure on education, US$ (millions)",UZB,Uzbekistan,2017,2017,3124.4378,‡,UIS Estimation
