"LOCATION","INDICATOR","SUBJECT","MEASURE","FREQUENCY","TIME","Value","Flag Codes"
"AUS","HEALTHEXP","COMPULSORY","USD_CAP","A","1980",386.739,
"AUS","HEALTHEXP","COMPULSORY","USD_CAP","A","1981",426.699,
"AUS","HEALTHEXP","COMPULSORY","USD_CAP","A","1982",430.561,
"AUS","HEALTHEXP","COMPULSORY","USD_CAP","A","1983",485.346,
"AUS","HEALTHEXP","COMPULSORY","USD_CAP","A","1984",583.889,
"AUS","HEALTHEXP","COMPULSORY","USD_CAP","A","1985",630.294,
"AUS","HEALTHEXP","COMPULSORY","USD_CAP","A","1986",658.391,
"AUS","HEALTHEXP","COMPULSORY","USD_CAP","A","1987",687.711,
"AUS","HEALTHEXP","COMPULSORY","USD_CAP","A","1988",707.102,
"AUS","HEALTHEXP","COMPULSORY","USD_CAP","A","1989",734.382,
"AUS","HEALTHEXP","COMPULSORY","USD_CAP","A","1990",763.082,
"AUS","HEALTHEXP","COMPULSORY","USD_CAP","A","1991",811.005,
"AUS","HEALTHEXP","COMPULSORY","USD_CAP","A","1992",860.648,
"AUS","HEALTHEXP","COMPULSORY","USD_CAP","A","1993",906.035,
"AUS","HEALTHEXP","COMPULSORY","USD_CAP","A","1994",964.732,
"AUS","HEALTHEXP","COMPULSORY","USD_CAP","A","1995",1029.431,
"AUS","HEALTHEXP","COMPULSORY","USD_CAP","A","1996",1081.3,
"AUS","HEALTHEXP","COMPULSORY","USD_CAP","A","1997",1164.447,
"AUS","HEALTHEXP","COMPULSORY","USD_CAP","A","1998",1258.642,"D"
"AUS","HEALTHEXP","COMPULSORY","USD_CAP","A","1999",1384.546,"D"
"AUS","HEALTHEXP","COMPULSORY","USD_CAP","A","2000",1471.322,"D"
"AUS","HEALTHEXP","COMPULSORY","USD_CAP","A","2001",1537.205,"D"
"AUS","HEALTHEXP","COMPULSORY","USD_CAP","A","2002",1665.187,"D"
"AUS","HEALTHEXP","COMPULSORY","USD_CAP","A","2003",1732.073,"D"
"AUS","HEALTHEXP","COMPULSORY","USD_CAP","A","2004",1878.991,"D"
"AUS","HEALTHEXP","COMPULSORY","USD_CAP","A","2005",1944.081,"D"
"AUS","HEALTHEXP","COMPULSORY","USD_CAP","A","2006",2066.856,"D"
"AUS","HEALTHEXP","COMPULSORY","USD_CAP","A","2007",2214.97,"D"
"AUS","HEALTHEXP","COMPULSORY","USD_CAP","A","2008",2283.964,"D"
"AUS","HEALTHEXP","COMPULSORY","USD_CAP","A","2009",2468.9,"D"
"AUS","HEALTHEXP","COMPULSORY","USD_CAP","A","2010",2478.32,"D"
"AUS","HEALTHEXP","COMPULSORY","USD_CAP","A","2011",2626.021,"D"
"AUS","HEALTHEXP","COMPULSORY","USD_CAP","A","2012",2569.941,"D"
"AUS","HEALTHEXP","COMPULSORY","USD_CAP","A","2013",2823.649,"D"
"AUS","HEALTHEXP","COMPULSORY","USD_CAP","A","2014",2896.647,"D"
"AUS","HEALTHEXP","COMPULSORY","USD_CAP","A","2015",3010.696,"D"
"AUS","HEALTHEXP","COMPULSORY","USD_CAP","A","2016",3083.391,
"AUS","HEALTHEXP","COMPULSORY","USD_CAP","A","2017",3109.495,
"AUT","HEALTHEXP","COMPULSORY","USD_CAP","A","1980",496.917,
"AUT","HEALTHEXP","COMPULSORY","USD_CAP","A","1981",511.821,
"AUT","HEALTHEXP","COMPULSORY","USD_CAP","A","1982",549.444,
"AUT","HEALTHEXP","COMPULSORY","USD_CAP","A","1983",577.389,
"AUT","HEALTHEXP","COMPULSORY","USD_CAP","A","1984",598.913,
"AUT","HEALTHEXP","COMPULSORY","USD_CAP","A","1985",653.272,
"AUT","HEALTHEXP","COMPULSORY","USD_CAP","A","1986",694.057,
"AUT","HEALTHEXP","COMPULSORY","USD_CAP","A","1987",754.691,
"AUT","HEALTHEXP","COMPULSORY","USD_CAP","A","1988",799.756,
"AUT","HEALTHEXP","COMPULSORY","USD_CAP","A","1989",854.075,
"AUT","HEALTHEXP","COMPULSORY","USD_CAP","A","1990",1116.664,"B"
"AUT","HEALTHEXP","COMPULSORY","USD_CAP","A","1991",1192.193,
"AUT","HEALTHEXP","COMPULSORY","USD_CAP","A","1992",1285.885,
"AUT","HEALTHEXP","COMPULSORY","USD_CAP","A","1993",1403.373,
"AUT","HEALTHEXP","COMPULSORY","USD_CAP","A","1994",1543.673,
"AUT","HEALTHEXP","COMPULSORY","USD_CAP","A","1995",1588.832,
"AUT","HEALTHEXP","COMPULSORY","USD_CAP","A","1996",1633.635,
"AUT","HEALTHEXP","COMPULSORY","USD_CAP","A","1997",1723.297,
"AUT","HEALTHEXP","COMPULSORY","USD_CAP","A","1998",1839.675,
"AUT","HEALTHEXP","COMPULSORY","USD_CAP","A","1999",1942.585,
"AUT","HEALTHEXP","COMPULSORY","USD_CAP","A","2000",2042.238,
"AUT","HEALTHEXP","COMPULSORY","USD_CAP","A","2001",2067.79,
"AUT","HEALTHEXP","COMPULSORY","USD_CAP","A","2002",2190.935,
"AUT","HEALTHEXP","COMPULSORY","USD_CAP","A","2003",2283.566,
"AUT","HEALTHEXP","COMPULSORY","USD_CAP","A","2004",2404.963,"B"
"AUT","HEALTHEXP","COMPULSORY","USD_CAP","A","2005",2493.549,
"AUT","HEALTHEXP","COMPULSORY","USD_CAP","A","2006",2668.274,
"AUT","HEALTHEXP","COMPULSORY","USD_CAP","A","2007",2791.863,
"AUT","HEALTHEXP","COMPULSORY","USD_CAP","A","2008",3012.052,
"AUT","HEALTHEXP","COMPULSORY","USD_CAP","A","2009",3142.408,
"AUT","HEALTHEXP","COMPULSORY","USD_CAP","A","2010",3208.061,
"AUT","HEALTHEXP","COMPULSORY","USD_CAP","A","2011",3325.483,
"AUT","HEALTHEXP","COMPULSORY","USD_CAP","A","2012",3538.455,
"AUT","HEALTHEXP","COMPULSORY","USD_CAP","A","2013",3647.869,
"AUT","HEALTHEXP","COMPULSORY","USD_CAP","A","2014",3744.639,
"AUT","HEALTHEXP","COMPULSORY","USD_CAP","A","2015",3824.239,
"AUT","HEALTHEXP","COMPULSORY","USD_CAP","A","2016",3908.287,
"AUT","HEALTHEXP","COMPULSORY","USD_CAP","A","2017",4043.528,"P"
"BEL","HEALTHEXP","COMPULSORY","USD_CAP","A","1992",1146.623,
"BEL","HEALTHEXP","COMPULSORY","USD_CAP","A","1993",1165.479,
"BEL","HEALTHEXP","COMPULSORY","USD_CAP","A","1994",1182.06,
"BEL","HEALTHEXP","COMPULSORY","USD_CAP","A","1995",1294.003,"B"
"BEL","HEALTHEXP","COMPULSORY","USD_CAP","A","1996",1387.312,
"BEL","HEALTHEXP","COMPULSORY","USD_CAP","A","1997",1372.214,
"BEL","HEALTHEXP","COMPULSORY","USD_CAP","A","1998",1420.157,
"BEL","HEALTHEXP","COMPULSORY","USD_CAP","A","1999",1510.758,
"BEL","HEALTHEXP","COMPULSORY","USD_CAP","A","2000",1658.089,
"BEL","HEALTHEXP","COMPULSORY","USD_CAP","A","2001",1771.418,
"BEL","HEALTHEXP","COMPULSORY","USD_CAP","A","2002",1858.899,
"BEL","HEALTHEXP","COMPULSORY","USD_CAP","A","2003",2089.332,"B"
"BEL","HEALTHEXP","COMPULSORY","USD_CAP","A","2004",2230.66,
"BEL","HEALTHEXP","COMPULSORY","USD_CAP","A","2005",2300.293,
"BEL","HEALTHEXP","COMPULSORY","USD_CAP","A","2006",2393.84,
"BEL","HEALTHEXP","COMPULSORY","USD_CAP","A","2007",2484.705,
"BEL","HEALTHEXP","COMPULSORY","USD_CAP","A","2008",2741.213,
"BEL","HEALTHEXP","COMPULSORY","USD_CAP","A","2009",2966.249,
"BEL","HEALTHEXP","COMPULSORY","USD_CAP","A","2010",3079.958,
"BEL","HEALTHEXP","COMPULSORY","USD_CAP","A","2011",3215.475,
"BEL","HEALTHEXP","COMPULSORY","USD_CAP","A","2012",3358.203,
"BEL","HEALTHEXP","COMPULSORY","USD_CAP","A","2013",3492.661,
"BEL","HEALTHEXP","COMPULSORY","USD_CAP","A","2014",3607.855,
"BEL","HEALTHEXP","COMPULSORY","USD_CAP","A","2015",3598.054,
"BEL","HEALTHEXP","COMPULSORY","USD_CAP","A","2016",3672.174,
"BEL","HEALTHEXP","COMPULSORY","USD_CAP","A","2017",3760.69,"E"
"CAN","HEALTHEXP","COMPULSORY","USD_CAP","A","1980",585.342,
"CAN","HEALTHEXP","COMPULSORY","USD_CAP","A","1981",676.425,
"CAN","HEALTHEXP","COMPULSORY","USD_CAP","A","1982",765.651,
"CAN","HEALTHEXP","COMPULSORY","USD_CAP","A","1983",826.557,
"CAN","HEALTHEXP","COMPULSORY","USD_CAP","A","1984",877.42,
"CAN","HEALTHEXP","COMPULSORY","USD_CAP","A","1985",933.983,
"CAN","HEALTHEXP","COMPULSORY","USD_CAP","A","1986",987.9,
"CAN","HEALTHEXP","COMPULSORY","USD_CAP","A","1987",1031.894,
"CAN","HEALTHEXP","COMPULSORY","USD_CAP","A","1988",1096.101,
"CAN","HEALTHEXP","COMPULSORY","USD_CAP","A","1989",1172.431,
"CAN","HEALTHEXP","COMPULSORY","USD_CAP","A","1990",1258.05,
"CAN","HEALTHEXP","COMPULSORY","USD_CAP","A","1991",1360.087,
"CAN","HEALTHEXP","COMPULSORY","USD_CAP","A","1992",1416.135,
"CAN","HEALTHEXP","COMPULSORY","USD_CAP","A","1993",1425.641,
"CAN","HEALTHEXP","COMPULSORY","USD_CAP","A","1994",1428.742,
"CAN","HEALTHEXP","COMPULSORY","USD_CAP","A","1995",1420.68,
"CAN","HEALTHEXP","COMPULSORY","USD_CAP","A","1996",1413.367,
"CAN","HEALTHEXP","COMPULSORY","USD_CAP","A","1997",1464.541,
"CAN","HEALTHEXP","COMPULSORY","USD_CAP","A","1998",1578.498,
"CAN","HEALTHEXP","COMPULSORY","USD_CAP","A","1999",1617.662,
"CAN","HEALTHEXP","COMPULSORY","USD_CAP","A","2000",1694.672,
"CAN","HEALTHEXP","COMPULSORY","USD_CAP","A","2001",1818.061,
"CAN","HEALTHEXP","COMPULSORY","USD_CAP","A","2002",1899.615,
"CAN","HEALTHEXP","COMPULSORY","USD_CAP","A","2003",2038.283,
"CAN","HEALTHEXP","COMPULSORY","USD_CAP","A","2004",2149.65,
"CAN","HEALTHEXP","COMPULSORY","USD_CAP","A","2005",2293.166,
"CAN","HEALTHEXP","COMPULSORY","USD_CAP","A","2006",2434.005,
"CAN","HEALTHEXP","COMPULSORY","USD_CAP","A","2007",2556.246,
"CAN","HEALTHEXP","COMPULSORY","USD_CAP","A","2008",2660.54,
"CAN","HEALTHEXP","COMPULSORY","USD_CAP","A","2009",2880.393,
"CAN","HEALTHEXP","COMPULSORY","USD_CAP","A","2010",2955.986,
"CAN","HEALTHEXP","COMPULSORY","USD_CAP","A","2011",3002.457,
"CAN","HEALTHEXP","COMPULSORY","USD_CAP","A","2012",3044.32,
"CAN","HEALTHEXP","COMPULSORY","USD_CAP","A","2013",3148.551,
"CAN","HEALTHEXP","COMPULSORY","USD_CAP","A","2014",3193.934,
"CAN","HEALTHEXP","COMPULSORY","USD_CAP","A","2015",3267.052,
"CAN","HEALTHEXP","COMPULSORY","USD_CAP","A","2016",3319.113,"P"
"CAN","HEALTHEXP","COMPULSORY","USD_CAP","A","2017",3381.998,"P"
"CZE","HEALTHEXP","COMPULSORY","USD_CAP","A","1990",459.29,
"CZE","HEALTHEXP","COMPULSORY","USD_CAP","A","1991",432.052,
"CZE","HEALTHEXP","COMPULSORY","USD_CAP","A","1992",446.217,
"CZE","HEALTHEXP","COMPULSORY","USD_CAP","A","1993",607.116,
"CZE","HEALTHEXP","COMPULSORY","USD_CAP","A","1994",649.737,
"CZE","HEALTHEXP","COMPULSORY","USD_CAP","A","1995",707.75,"B"
"CZE","HEALTHEXP","COMPULSORY","USD_CAP","A","1996",734.886,
"CZE","HEALTHEXP","COMPULSORY","USD_CAP","A","1997",741.061,
"CZE","HEALTHEXP","COMPULSORY","USD_CAP","A","1998",749.165,
"CZE","HEALTHEXP","COMPULSORY","USD_CAP","A","1999",799.5,
"CZE","HEALTHEXP","COMPULSORY","USD_CAP","A","2000",831.185,"B"
"CZE","HEALTHEXP","COMPULSORY","USD_CAP","A","2001",924.312,
"CZE","HEALTHEXP","COMPULSORY","USD_CAP","A","2002",1014.755,
"CZE","HEALTHEXP","COMPULSORY","USD_CAP","A","2003",1138.051,"B"
"CZE","HEALTHEXP","COMPULSORY","USD_CAP","A","2004",1179.546,
"CZE","HEALTHEXP","COMPULSORY","USD_CAP","A","2005",1216.654,
"CZE","HEALTHEXP","COMPULSORY","USD_CAP","A","2006",1271.672,
"CZE","HEALTHEXP","COMPULSORY","USD_CAP","A","2007",1330.829,
"CZE","HEALTHEXP","COMPULSORY","USD_CAP","A","2008",1453.94,
"CZE","HEALTHEXP","COMPULSORY","USD_CAP","A","2009",1675.751,
"CZE","HEALTHEXP","COMPULSORY","USD_CAP","A","2010",1598.899,
"CZE","HEALTHEXP","COMPULSORY","USD_CAP","A","2011",1685.348,
"CZE","HEALTHEXP","COMPULSORY","USD_CAP","A","2012",1709.672,
"CZE","HEALTHEXP","COMPULSORY","USD_CAP","A","2013",1989.88,"B"
"CZE","HEALTHEXP","COMPULSORY","USD_CAP","A","2014",2041.65,
"CZE","HEALTHEXP","COMPULSORY","USD_CAP","A","2015",1996.719,
"CZE","HEALTHEXP","COMPULSORY","USD_CAP","A","2016",2034.436,
"CZE","HEALTHEXP","COMPULSORY","USD_CAP","A","2017",2149.85,"E"
"DNK","HEALTHEXP","COMPULSORY","USD_CAP","A","1980",726.054,
"DNK","HEALTHEXP","COMPULSORY","USD_CAP","A","1981",803.465,
"DNK","HEALTHEXP","COMPULSORY","USD_CAP","A","1982",888.922,
"DNK","HEALTHEXP","COMPULSORY","USD_CAP","A","1983",916.401,
"DNK","HEALTHEXP","COMPULSORY","USD_CAP","A","1984",927.573,
"DNK","HEALTHEXP","COMPULSORY","USD_CAP","A","1985",987.912,
"DNK","HEALTHEXP","COMPULSORY","USD_CAP","A","1986",1016.378,
"DNK","HEALTHEXP","COMPULSORY","USD_CAP","A","1987",1084.558,
"DNK","HEALTHEXP","COMPULSORY","USD_CAP","A","1988",1145.245,
"DNK","HEALTHEXP","COMPULSORY","USD_CAP","A","1989",1171.571,
"DNK","HEALTHEXP","COMPULSORY","USD_CAP","A","1990",1206.84,
"DNK","HEALTHEXP","COMPULSORY","USD_CAP","A","1991",1258.347,
"DNK","HEALTHEXP","COMPULSORY","USD_CAP","A","1992",1304.822,
"DNK","HEALTHEXP","COMPULSORY","USD_CAP","A","1993",1377.55,
"DNK","HEALTHEXP","COMPULSORY","USD_CAP","A","1994",1429.721,
"DNK","HEALTHEXP","COMPULSORY","USD_CAP","A","1995",1444.284,
"DNK","HEALTHEXP","COMPULSORY","USD_CAP","A","1996",1521.893,
"DNK","HEALTHEXP","COMPULSORY","USD_CAP","A","1997",1577.251,
"DNK","HEALTHEXP","COMPULSORY","USD_CAP","A","1998",1577.93,
"DNK","HEALTHEXP","COMPULSORY","USD_CAP","A","1999",1849.098,
"DNK","HEALTHEXP","COMPULSORY","USD_CAP","A","2000",1930.182,
"DNK","HEALTHEXP","COMPULSORY","USD_CAP","A","2001",2076.861,
"DNK","HEALTHEXP","COMPULSORY","USD_CAP","A","2002",2234.664,
"DNK","HEALTHEXP","COMPULSORY","USD_CAP","A","2003",2299.89,"B"
"DNK","HEALTHEXP","COMPULSORY","USD_CAP","A","2004",2477.472,
"DNK","HEALTHEXP","COMPULSORY","USD_CAP","A","2005",2599.788,
"DNK","HEALTHEXP","COMPULSORY","USD_CAP","A","2006",2868.368,
"DNK","HEALTHEXP","COMPULSORY","USD_CAP","A","2007",3041.328,
"DNK","HEALTHEXP","COMPULSORY","USD_CAP","A","2008",3298.724,
"DNK","HEALTHEXP","COMPULSORY","USD_CAP","A","2009",3636.13,
"DNK","HEALTHEXP","COMPULSORY","USD_CAP","A","2010",3730.593,
"DNK","HEALTHEXP","COMPULSORY","USD_CAP","A","2011",3769.499,"B"
"DNK","HEALTHEXP","COMPULSORY","USD_CAP","A","2012",3853.44,
"DNK","HEALTHEXP","COMPULSORY","USD_CAP","A","2013",4004.028,
"DNK","HEALTHEXP","COMPULSORY","USD_CAP","A","2014",4102.126,
"DNK","HEALTHEXP","COMPULSORY","USD_CAP","A","2015",4209.806,
"DNK","HEALTHEXP","COMPULSORY","USD_CAP","A","2016",4268.811,
"DNK","HEALTHEXP","COMPULSORY","USD_CAP","A","2017",4363.352,"E"
"FIN","HEALTHEXP","COMPULSORY","USD_CAP","A","1980",425.775,
"FIN","HEALTHEXP","COMPULSORY","USD_CAP","A","1981",482.874,
"FIN","HEALTHEXP","COMPULSORY","USD_CAP","A","1982",535.613,
"FIN","HEALTHEXP","COMPULSORY","USD_CAP","A","1983",571.162,
"FIN","HEALTHEXP","COMPULSORY","USD_CAP","A","1984",607.47,
"FIN","HEALTHEXP","COMPULSORY","USD_CAP","A","1985",690.216,
"FIN","HEALTHEXP","COMPULSORY","USD_CAP","A","1986",739.066,
"FIN","HEALTHEXP","COMPULSORY","USD_CAP","A","1987",802.267,
"FIN","HEALTHEXP","COMPULSORY","USD_CAP","A","1988",844.78,
"FIN","HEALTHEXP","COMPULSORY","USD_CAP","A","1989",931.386,
"FIN","HEALTHEXP","COMPULSORY","USD_CAP","A","1990",1052.983,
"FIN","HEALTHEXP","COMPULSORY","USD_CAP","A","1991",1172.156,
"FIN","HEALTHEXP","COMPULSORY","USD_CAP","A","1992",1160.036,
"FIN","HEALTHEXP","COMPULSORY","USD_CAP","A","1993",1030.179,"B"
"FIN","HEALTHEXP","COMPULSORY","USD_CAP","A","1994",1005.246,
"FIN","HEALTHEXP","COMPULSORY","USD_CAP","A","1995",1024.437,
"FIN","HEALTHEXP","COMPULSORY","USD_CAP","A","1996",1066.177,
"FIN","HEALTHEXP","COMPULSORY","USD_CAP","A","1997",1108.426,
"FIN","HEALTHEXP","COMPULSORY","USD_CAP","A","1998",1156.807,
"FIN","HEALTHEXP","COMPULSORY","USD_CAP","A","1999",1198.902,
"FIN","HEALTHEXP","COMPULSORY","USD_CAP","A","2000",1301.936,"B"
"FIN","HEALTHEXP","COMPULSORY","USD_CAP","A","2001",1395.778,
"FIN","HEALTHEXP","COMPULSORY","USD_CAP","A","2002",1526.435,
"FIN","HEALTHEXP","COMPULSORY","USD_CAP","A","2003",1664.748,
"FIN","HEALTHEXP","COMPULSORY","USD_CAP","A","2004",1827.89,
"FIN","HEALTHEXP","COMPULSORY","USD_CAP","A","2005",1932.206,
"FIN","HEALTHEXP","COMPULSORY","USD_CAP","A","2006",2058.664,
"FIN","HEALTHEXP","COMPULSORY","USD_CAP","A","2007",2204.938,
"FIN","HEALTHEXP","COMPULSORY","USD_CAP","A","2008",2414.49,
"FIN","HEALTHEXP","COMPULSORY","USD_CAP","A","2009",2509.22,
"FIN","HEALTHEXP","COMPULSORY","USD_CAP","A","2010",2553.788,
"FIN","HEALTHEXP","COMPULSORY","USD_CAP","A","2011",2723.402,
"FIN","HEALTHEXP","COMPULSORY","USD_CAP","A","2012",2843.046,
"FIN","HEALTHEXP","COMPULSORY","USD_CAP","A","2013",2946.249,
"FIN","HEALTHEXP","COMPULSORY","USD_CAP","A","2014",2943.886,
"FIN","HEALTHEXP","COMPULSORY","USD_CAP","A","2015",3070.813,"B"
"FIN","HEALTHEXP","COMPULSORY","USD_CAP","A","2016",3066.836,
"FIN","HEALTHEXP","COMPULSORY","USD_CAP","A","2017",3077.837,"E"
"FRA","HEALTHEXP","COMPULSORY","USD_CAP","A","1980",521.188,
"FRA","HEALTHEXP","COMPULSORY","USD_CAP","A","1985",789.986,
"FRA","HEALTHEXP","COMPULSORY","USD_CAP","A","1990",1073.632,
"FRA","HEALTHEXP","COMPULSORY","USD_CAP","A","1991",1141.123,
"FRA","HEALTHEXP","COMPULSORY","USD_CAP","A","1992",1216.483,
"FRA","HEALTHEXP","COMPULSORY","USD_CAP","A","1993",1290.864,
"FRA","HEALTHEXP","COMPULSORY","USD_CAP","A","1994",1332.276,
"FRA","HEALTHEXP","COMPULSORY","USD_CAP","A","1995",1625.196,"B"
"FRA","HEALTHEXP","COMPULSORY","USD_CAP","A","1996",1669.051,
"FRA","HEALTHEXP","COMPULSORY","USD_CAP","A","1997",1719.946,
"FRA","HEALTHEXP","COMPULSORY","USD_CAP","A","1998",1784.482,
"FRA","HEALTHEXP","COMPULSORY","USD_CAP","A","1999",1857.624,
"FRA","HEALTHEXP","COMPULSORY","USD_CAP","A","2000",1977.363,
"FRA","HEALTHEXP","COMPULSORY","USD_CAP","A","2001",2113.426,
"FRA","HEALTHEXP","COMPULSORY","USD_CAP","A","2002",2269.322,
"FRA","HEALTHEXP","COMPULSORY","USD_CAP","A","2003",2241.144,"B"
"FRA","HEALTHEXP","COMPULSORY","USD_CAP","A","2004",2332.309,
"FRA","HEALTHEXP","COMPULSORY","USD_CAP","A","2005",2458.259,
"FRA","HEALTHEXP","COMPULSORY","USD_CAP","A","2006",2607.115,
"FRA","HEALTHEXP","COMPULSORY","USD_CAP","A","2007",2714.838,
"FRA","HEALTHEXP","COMPULSORY","USD_CAP","A","2008",2823.438,
"FRA","HEALTHEXP","COMPULSORY","USD_CAP","A","2009",2999.643,
"FRA","HEALTHEXP","COMPULSORY","USD_CAP","A","2010",3080.969,
"FRA","HEALTHEXP","COMPULSORY","USD_CAP","A","2011",3197.563,
"FRA","HEALTHEXP","COMPULSORY","USD_CAP","A","2012",3252.926,
"FRA","HEALTHEXP","COMPULSORY","USD_CAP","A","2013",3456.188,
"FRA","HEALTHEXP","COMPULSORY","USD_CAP","A","2014",3568.978,
"FRA","HEALTHEXP","COMPULSORY","USD_CAP","A","2015",3566.119,
"FRA","HEALTHEXP","COMPULSORY","USD_CAP","A","2016",3956.65,
"FRA","HEALTHEXP","COMPULSORY","USD_CAP","A","2017",4068.423,"E"
"DEU","HEALTHEXP","COMPULSORY","USD_CAP","A","1980",747.97,
"DEU","HEALTHEXP","COMPULSORY","USD_CAP","A","1981",851.109,
"DEU","HEALTHEXP","COMPULSORY","USD_CAP","A","1982",876.484,
"DEU","HEALTHEXP","COMPULSORY","USD_CAP","A","1983",916.329,
"DEU","HEALTHEXP","COMPULSORY","USD_CAP","A","1984",996.673,
"DEU","HEALTHEXP","COMPULSORY","USD_CAP","A","1985",1072.819,
"DEU","HEALTHEXP","COMPULSORY","USD_CAP","A","1986",1108.677,
"DEU","HEALTHEXP","COMPULSORY","USD_CAP","A","1987",1163.358,
"DEU","HEALTHEXP","COMPULSORY","USD_CAP","A","1988",1265.276,
"DEU","HEALTHEXP","COMPULSORY","USD_CAP","A","1989",1234.449,
"DEU","HEALTHEXP","COMPULSORY","USD_CAP","A","1990",1326.06,
"DEU","HEALTHEXP","COMPULSORY","USD_CAP","A","1992",1560.343,"B"
"DEU","HEALTHEXP","COMPULSORY","USD_CAP","A","1993",1556.377,
"DEU","HEALTHEXP","COMPULSORY","USD_CAP","A","1994",1673.619,
"DEU","HEALTHEXP","COMPULSORY","USD_CAP","A","1995",1806.409,
"DEU","HEALTHEXP","COMPULSORY","USD_CAP","A","1996",1919.956,
"DEU","HEALTHEXP","COMPULSORY","USD_CAP","A","1997",1910.029,
"DEU","HEALTHEXP","COMPULSORY","USD_CAP","A","1998",1959.359,
"DEU","HEALTHEXP","COMPULSORY","USD_CAP","A","1999",2084.785,
"DEU","HEALTHEXP","COMPULSORY","USD_CAP","A","2000",2119.731,
"DEU","HEALTHEXP","COMPULSORY","USD_CAP","A","2001",2222.056,
"DEU","HEALTHEXP","COMPULSORY","USD_CAP","A","2002",2332.487,
"DEU","HEALTHEXP","COMPULSORY","USD_CAP","A","2003",2425.585,
"DEU","HEALTHEXP","COMPULSORY","USD_CAP","A","2004",2431.92,
"DEU","HEALTHEXP","COMPULSORY","USD_CAP","A","2005",2504.416,
"DEU","HEALTHEXP","COMPULSORY","USD_CAP","A","2006",2641.832,
"DEU","HEALTHEXP","COMPULSORY","USD_CAP","A","2007",2772.65,
"DEU","HEALTHEXP","COMPULSORY","USD_CAP","A","2008",2956.136,
"DEU","HEALTHEXP","COMPULSORY","USD_CAP","A","2009",3508.671,
"DEU","HEALTHEXP","COMPULSORY","USD_CAP","A","2010",3668.387,
"DEU","HEALTHEXP","COMPULSORY","USD_CAP","A","2011",3809.51,
"DEU","HEALTHEXP","COMPULSORY","USD_CAP","A","2012",3899.998,
"DEU","HEALTHEXP","COMPULSORY","USD_CAP","A","2013",4141.772,
"DEU","HEALTHEXP","COMPULSORY","USD_CAP","A","2014",4354.249,
"DEU","HEALTHEXP","COMPULSORY","USD_CAP","A","2015",4465.266,
"DEU","HEALTHEXP","COMPULSORY","USD_CAP","A","2016",4612.3,
"DEU","HEALTHEXP","COMPULSORY","USD_CAP","A","2017",4869.427,"P"
"GRC","HEALTHEXP","COMPULSORY","USD_CAP","A","1988",358.466,
"GRC","HEALTHEXP","COMPULSORY","USD_CAP","A","1989",438.96,
"GRC","HEALTHEXP","COMPULSORY","USD_CAP","A","1990",436.852,
"GRC","HEALTHEXP","COMPULSORY","USD_CAP","A","1991",449.485,
"GRC","HEALTHEXP","COMPULSORY","USD_CAP","A","1992",516.029,
"GRC","HEALTHEXP","COMPULSORY","USD_CAP","A","1993",579.747,
"GRC","HEALTHEXP","COMPULSORY","USD_CAP","A","1994",608.769,
"GRC","HEALTHEXP","COMPULSORY","USD_CAP","A","1995",649.328,
"GRC","HEALTHEXP","COMPULSORY","USD_CAP","A","1996",687.684,
"GRC","HEALTHEXP","COMPULSORY","USD_CAP","A","1997",711.037,
"GRC","HEALTHEXP","COMPULSORY","USD_CAP","A","1998",727.585,
"GRC","HEALTHEXP","COMPULSORY","USD_CAP","A","1999",785.438,
"GRC","HEALTHEXP","COMPULSORY","USD_CAP","A","2000",871.146,
"GRC","HEALTHEXP","COMPULSORY","USD_CAP","A","2001",1059.295,
"GRC","HEALTHEXP","COMPULSORY","USD_CAP","A","2002",1125.811,
"GRC","HEALTHEXP","COMPULSORY","USD_CAP","A","2003",1207.936,
"GRC","HEALTHEXP","COMPULSORY","USD_CAP","A","2004",1229.261,
"GRC","HEALTHEXP","COMPULSORY","USD_CAP","A","2005",1419.688,
"GRC","HEALTHEXP","COMPULSORY","USD_CAP","A","2006",1629.607,
"GRC","HEALTHEXP","COMPULSORY","USD_CAP","A","2007",1641.462,
"GRC","HEALTHEXP","COMPULSORY","USD_CAP","A","2008",1689.219,"E"
"GRC","HEALTHEXP","COMPULSORY","USD_CAP","A","2009",1969.875,"B"
"GRC","HEALTHEXP","COMPULSORY","USD_CAP","A","2010",1859.954,
"GRC","HEALTHEXP","COMPULSORY","USD_CAP","A","2011",1568.933,
"GRC","HEALTHEXP","COMPULSORY","USD_CAP","A","2012",1492.457,
"GRC","HEALTHEXP","COMPULSORY","USD_CAP","A","2013",1364.522,
"GRC","HEALTHEXP","COMPULSORY","USD_CAP","A","2014",1241.902,
"GRC","HEALTHEXP","COMPULSORY","USD_CAP","A","2015",1274.979,
"GRC","HEALTHEXP","COMPULSORY","USD_CAP","A","2016",1388.143,
"GRC","HEALTHEXP","COMPULSORY","USD_CAP","A","2017",1423.381,"E"
"HUN","HEALTHEXP","COMPULSORY","USD_CAP","A","1991",465.661,
"HUN","HEALTHEXP","COMPULSORY","USD_CAP","A","1992",490.488,
"HUN","HEALTHEXP","COMPULSORY","USD_CAP","A","1993",501.531,
"HUN","HEALTHEXP","COMPULSORY","USD_CAP","A","1994",563.355,
"HUN","HEALTHEXP","COMPULSORY","USD_CAP","A","1995",511.347,
"HUN","HEALTHEXP","COMPULSORY","USD_CAP","A","1996",500.591,
"HUN","HEALTHEXP","COMPULSORY","USD_CAP","A","1997",495.49,
"HUN","HEALTHEXP","COMPULSORY","USD_CAP","A","1998",512.546,"B"
"HUN","HEALTHEXP","COMPULSORY","USD_CAP","A","1999",533.33,
"HUN","HEALTHEXP","COMPULSORY","USD_CAP","A","2000",559.537,
"HUN","HEALTHEXP","COMPULSORY","USD_CAP","A","2001",615.38,
"HUN","HEALTHEXP","COMPULSORY","USD_CAP","A","2002",719.609,
"HUN","HEALTHEXP","COMPULSORY","USD_CAP","A","2003",885.657,"B"
"HUN","HEALTHEXP","COMPULSORY","USD_CAP","A","2004",887.95,
"HUN","HEALTHEXP","COMPULSORY","USD_CAP","A","2005",965.635,
"HUN","HEALTHEXP","COMPULSORY","USD_CAP","A","2006",1011.22,
"HUN","HEALTHEXP","COMPULSORY","USD_CAP","A","2007",946.71,
"HUN","HEALTHEXP","COMPULSORY","USD_CAP","A","2008",1012.064,
"HUN","HEALTHEXP","COMPULSORY","USD_CAP","A","2009",1022.764,
"HUN","HEALTHEXP","COMPULSORY","USD_CAP","A","2010",1087.77,
"HUN","HEALTHEXP","COMPULSORY","USD_CAP","A","2011",1146.155,
"HUN","HEALTHEXP","COMPULSORY","USD_CAP","A","2012",1129.971,
"HUN","HEALTHEXP","COMPULSORY","USD_CAP","A","2013",1183.613,
"HUN","HEALTHEXP","COMPULSORY","USD_CAP","A","2014",1214.74,
"HUN","HEALTHEXP","COMPULSORY","USD_CAP","A","2015",1244.876,
"HUN","HEALTHEXP","COMPULSORY","USD_CAP","A","2016",1302.6,
"HUN","HEALTHEXP","COMPULSORY","USD_CAP","A","2017",1365.076,"P"
"ISL","HEALTHEXP","COMPULSORY","USD_CAP","A","1980",643.855,"B"
"ISL","HEALTHEXP","COMPULSORY","USD_CAP","A","1981",746.046,
"ISL","HEALTHEXP","COMPULSORY","USD_CAP","A","1982",839.003,
"ISL","HEALTHEXP","COMPULSORY","USD_CAP","A","1983",929.07,
"ISL","HEALTHEXP","COMPULSORY","USD_CAP","A","1984",905.805,
"ISL","HEALTHEXP","COMPULSORY","USD_CAP","A","1985",992.773,
"ISL","HEALTHEXP","COMPULSORY","USD_CAP","A","1986",1134.149,
"ISL","HEALTHEXP","COMPULSORY","USD_CAP","A","1987",1291.552,
"ISL","HEALTHEXP","COMPULSORY","USD_CAP","A","1988",1416.383,
"ISL","HEALTHEXP","COMPULSORY","USD_CAP","A","1989",1414.981,
"ISL","HEALTHEXP","COMPULSORY","USD_CAP","A","1990",1409.209,
"ISL","HEALTHEXP","COMPULSORY","USD_CAP","A","1991",1471.033,
"ISL","HEALTHEXP","COMPULSORY","USD_CAP","A","1992",1442.134,
"ISL","HEALTHEXP","COMPULSORY","USD_CAP","A","1993",1470.589,
"ISL","HEALTHEXP","COMPULSORY","USD_CAP","A","1994",1513.528,
"ISL","HEALTHEXP","COMPULSORY","USD_CAP","A","1995",1569.389,
"ISL","HEALTHEXP","COMPULSORY","USD_CAP","A","1996",1623.332,
"ISL","HEALTHEXP","COMPULSORY","USD_CAP","A","1997",1702.831,
"ISL","HEALTHEXP","COMPULSORY","USD_CAP","A","1998",1940.472,
"ISL","HEALTHEXP","COMPULSORY","USD_CAP","A","1999",2121.179,
"ISL","HEALTHEXP","COMPULSORY","USD_CAP","A","2000",2142.438,
"ISL","HEALTHEXP","COMPULSORY","USD_CAP","A","2001",2257.926,
"ISL","HEALTHEXP","COMPULSORY","USD_CAP","A","2002",2513.386,
"ISL","HEALTHEXP","COMPULSORY","USD_CAP","A","2003",2657.76,
"ISL","HEALTHEXP","COMPULSORY","USD_CAP","A","2004",2737.823,"D"
"ISL","HEALTHEXP","COMPULSORY","USD_CAP","A","2005",2771.073,"D"
"ISL","HEALTHEXP","COMPULSORY","USD_CAP","A","2006",2829.28,"D"
"ISL","HEALTHEXP","COMPULSORY","USD_CAP","A","2007",2931.189,"D"
"ISL","HEALTHEXP","COMPULSORY","USD_CAP","A","2008",3072.36,"D"
"ISL","HEALTHEXP","COMPULSORY","USD_CAP","A","2009",3045.903,"D"
"ISL","HEALTHEXP","COMPULSORY","USD_CAP","A","2010",2718.549,"D"
"ISL","HEALTHEXP","COMPULSORY","USD_CAP","A","2011",2692.955,"B"
"ISL","HEALTHEXP","COMPULSORY","USD_CAP","A","2012",2746.478,
"ISL","HEALTHEXP","COMPULSORY","USD_CAP","A","2013",2913.11,
"ISL","HEALTHEXP","COMPULSORY","USD_CAP","A","2014",3046.815,
"ISL","HEALTHEXP","COMPULSORY","USD_CAP","A","2015",3203.972,
"ISL","HEALTHEXP","COMPULSORY","USD_CAP","A","2016",3429.607,
"ISL","HEALTHEXP","COMPULSORY","USD_CAP","A","2017",3758.019,"P"
"IRL","HEALTHEXP","COMPULSORY","USD_CAP","A","1980",399.202,
"IRL","HEALTHEXP","COMPULSORY","USD_CAP","A","1981",428.143,
"IRL","HEALTHEXP","COMPULSORY","USD_CAP","A","1982",450.374,
"IRL","HEALTHEXP","COMPULSORY","USD_CAP","A","1983",455.627,
"IRL","HEALTHEXP","COMPULSORY","USD_CAP","A","1984",463.368,
"IRL","HEALTHEXP","COMPULSORY","USD_CAP","A","1985",486.154,
"IRL","HEALTHEXP","COMPULSORY","USD_CAP","A","1986",480.282,
"IRL","HEALTHEXP","COMPULSORY","USD_CAP","A","1987",480.911,
"IRL","HEALTHEXP","COMPULSORY","USD_CAP","A","1988",491.029,
"IRL","HEALTHEXP","COMPULSORY","USD_CAP","A","1989",520.517,
"IRL","HEALTHEXP","COMPULSORY","USD_CAP","A","1990",564.075,
"IRL","HEALTHEXP","COMPULSORY","USD_CAP","A","1991",642.41,
"IRL","HEALTHEXP","COMPULSORY","USD_CAP","A","1992",709.745,
"IRL","HEALTHEXP","COMPULSORY","USD_CAP","A","1993",752.955,
"IRL","HEALTHEXP","COMPULSORY","USD_CAP","A","1994",794.425,
"IRL","HEALTHEXP","COMPULSORY","USD_CAP","A","1995",856.039,
"IRL","HEALTHEXP","COMPULSORY","USD_CAP","A","1996",891.956,
"IRL","HEALTHEXP","COMPULSORY","USD_CAP","A","1997",986.187,
"IRL","HEALTHEXP","COMPULSORY","USD_CAP","A","1998",1060.431,
"IRL","HEALTHEXP","COMPULSORY","USD_CAP","A","1999",1139.135,
"IRL","HEALTHEXP","COMPULSORY","USD_CAP","A","2000",1381.155,
"IRL","HEALTHEXP","COMPULSORY","USD_CAP","A","2001",1635.027,
"IRL","HEALTHEXP","COMPULSORY","USD_CAP","A","2002",1856.48,
"IRL","HEALTHEXP","COMPULSORY","USD_CAP","A","2003",2000.261,
"IRL","HEALTHEXP","COMPULSORY","USD_CAP","A","2004",2205.634,
"IRL","HEALTHEXP","COMPULSORY","USD_CAP","A","2005",2439.069,
"IRL","HEALTHEXP","COMPULSORY","USD_CAP","A","2006",2585.12,
"IRL","HEALTHEXP","COMPULSORY","USD_CAP","A","2007",2890.269,
"IRL","HEALTHEXP","COMPULSORY","USD_CAP","A","2008",3197.223,
"IRL","HEALTHEXP","COMPULSORY","USD_CAP","A","2009",3363.419,
"IRL","HEALTHEXP","COMPULSORY","USD_CAP","A","2010",3467.274,
"IRL","HEALTHEXP","COMPULSORY","USD_CAP","A","2011",3457.682,"B"
"IRL","HEALTHEXP","COMPULSORY","USD_CAP","A","2012",3546.128,
"IRL","HEALTHEXP","COMPULSORY","USD_CAP","A","2013",3491.338,
"IRL","HEALTHEXP","COMPULSORY","USD_CAP","A","2014",3476.796,
"IRL","HEALTHEXP","COMPULSORY","USD_CAP","A","2015",3635.388,
"IRL","HEALTHEXP","COMPULSORY","USD_CAP","A","2016",3796.125,
"IRL","HEALTHEXP","COMPULSORY","USD_CAP","A","2017",3954.522,"E"
"ITA","HEALTHEXP","COMPULSORY","USD_CAP","A","1988",884.677,
"ITA","HEALTHEXP","COMPULSORY","USD_CAP","A","1989",935.718,
"ITA","HEALTHEXP","COMPULSORY","USD_CAP","A","1990",1058.489,
"ITA","HEALTHEXP","COMPULSORY","USD_CAP","A","1991",1144.662,
"ITA","HEALTHEXP","COMPULSORY","USD_CAP","A","1992",1153.771,
"ITA","HEALTHEXP","COMPULSORY","USD_CAP","A","1993",1132.687,
"ITA","HEALTHEXP","COMPULSORY","USD_CAP","A","1994",1123.034,
"ITA","HEALTHEXP","COMPULSORY","USD_CAP","A","1995",1091.153,"B"
"ITA","HEALTHEXP","COMPULSORY","USD_CAP","A","1996",1140.248,
"ITA","HEALTHEXP","COMPULSORY","USD_CAP","A","1997",1225.452,
"ITA","HEALTHEXP","COMPULSORY","USD_CAP","A","1998",1279.147,
"ITA","HEALTHEXP","COMPULSORY","USD_CAP","A","1999",1329.129,
"ITA","HEALTHEXP","COMPULSORY","USD_CAP","A","2000",1487.944,
"ITA","HEALTHEXP","COMPULSORY","USD_CAP","A","2001",1620.696,
"ITA","HEALTHEXP","COMPULSORY","USD_CAP","A","2002",1694.58,
"ITA","HEALTHEXP","COMPULSORY","USD_CAP","A","2003",1720.847,
"ITA","HEALTHEXP","COMPULSORY","USD_CAP","A","2004",1838.969,
"ITA","HEALTHEXP","COMPULSORY","USD_CAP","A","2005",1947.048,
"ITA","HEALTHEXP","COMPULSORY","USD_CAP","A","2006",2126.894,
"ITA","HEALTHEXP","COMPULSORY","USD_CAP","A","2007",2149.989,
"ITA","HEALTHEXP","COMPULSORY","USD_CAP","A","2008",2354.445,
"ITA","HEALTHEXP","COMPULSORY","USD_CAP","A","2009",2425.58,
"ITA","HEALTHEXP","COMPULSORY","USD_CAP","A","2010",2461.515,
"ITA","HEALTHEXP","COMPULSORY","USD_CAP","A","2011",2472.985,
"ITA","HEALTHEXP","COMPULSORY","USD_CAP","A","2012",2470.839,"B"
"ITA","HEALTHEXP","COMPULSORY","USD_CAP","A","2013",2460.098,
"ITA","HEALTHEXP","COMPULSORY","USD_CAP","A","2014",2458.859,
"ITA","HEALTHEXP","COMPULSORY","USD_CAP","A","2015",2455.804,
"ITA","HEALTHEXP","COMPULSORY","USD_CAP","A","2016",2553.719,
"ITA","HEALTHEXP","COMPULSORY","USD_CAP","A","2017",2621.956,"P"
"JPN","HEALTHEXP","COMPULSORY","USD_CAP","A","1980",388.818,"D"
"JPN","HEALTHEXP","COMPULSORY","USD_CAP","A","1981",442.716,"D"
"JPN","HEALTHEXP","COMPULSORY","USD_CAP","A","1982",494.541,"D"
"JPN","HEALTHEXP","COMPULSORY","USD_CAP","A","1983",547.946,"D"
"JPN","HEALTHEXP","COMPULSORY","USD_CAP","A","1984",572.052,"D"
"JPN","HEALTHEXP","COMPULSORY","USD_CAP","A","1985",611.429,"D"
"JPN","HEALTHEXP","COMPULSORY","USD_CAP","A","1986",648.799,"D"
"JPN","HEALTHEXP","COMPULSORY","USD_CAP","A","1987",702.188,"D"
"JPN","HEALTHEXP","COMPULSORY","USD_CAP","A","1988",756.089,"D"
"JPN","HEALTHEXP","COMPULSORY","USD_CAP","A","1989",806.886,"D"
"JPN","HEALTHEXP","COMPULSORY","USD_CAP","A","1990",867.675,"D"
"JPN","HEALTHEXP","COMPULSORY","USD_CAP","A","1991",938.098,"D"
"JPN","HEALTHEXP","COMPULSORY","USD_CAP","A","1992",1004.09,"D"
"JPN","HEALTHEXP","COMPULSORY","USD_CAP","A","1993",1087.521,"D"
"JPN","HEALTHEXP","COMPULSORY","USD_CAP","A","1994",1156.425,"D"
"JPN","HEALTHEXP","COMPULSORY","USD_CAP","A","1995",1200.676,
"JPN","HEALTHEXP","COMPULSORY","USD_CAP","A","1996",1225.827,
"JPN","HEALTHEXP","COMPULSORY","USD_CAP","A","1997",1298.32,
"JPN","HEALTHEXP","COMPULSORY","USD_CAP","A","1998",1326.662,
"JPN","HEALTHEXP","COMPULSORY","USD_CAP","A","1999",1413.789,
"JPN","HEALTHEXP","COMPULSORY","USD_CAP","A","2000",1542.635,
"JPN","HEALTHEXP","COMPULSORY","USD_CAP","A","2001",1636.45,
"JPN","HEALTHEXP","COMPULSORY","USD_CAP","A","2002",1699.586,
"JPN","HEALTHEXP","COMPULSORY","USD_CAP","A","2003",1761.548,
"JPN","HEALTHEXP","COMPULSORY","USD_CAP","A","2004",1867.347,
"JPN","HEALTHEXP","COMPULSORY","USD_CAP","A","2005",1999.755,
"JPN","HEALTHEXP","COMPULSORY","USD_CAP","A","2006",2075.003,
"JPN","HEALTHEXP","COMPULSORY","USD_CAP","A","2007",2211.37,
"JPN","HEALTHEXP","COMPULSORY","USD_CAP","A","2008",2315.686,
"JPN","HEALTHEXP","COMPULSORY","USD_CAP","A","2009",2444.561,
"JPN","HEALTHEXP","COMPULSORY","USD_CAP","A","2010",2625.946,
"JPN","HEALTHEXP","COMPULSORY","USD_CAP","A","2011",3180.521,"B"
"JPN","HEALTHEXP","COMPULSORY","USD_CAP","A","2012",3369.26,
"JPN","HEALTHEXP","COMPULSORY","USD_CAP","A","2013",3544.816,
"JPN","HEALTHEXP","COMPULSORY","USD_CAP","A","2014",3570.973,
"JPN","HEALTHEXP","COMPULSORY","USD_CAP","A","2015",3723.488,
"JPN","HEALTHEXP","COMPULSORY","USD_CAP","A","2016",3863.281,"E"
"JPN","HEALTHEXP","COMPULSORY","USD_CAP","A","2017",3970.575,"E"
"KOR","HEALTHEXP","COMPULSORY","USD_CAP","A","1980",16.755,
"KOR","HEALTHEXP","COMPULSORY","USD_CAP","A","1981",19.837,
"KOR","HEALTHEXP","COMPULSORY","USD_CAP","A","1982",26.873,
"KOR","HEALTHEXP","COMPULSORY","USD_CAP","A","1983",34.845,
"KOR","HEALTHEXP","COMPULSORY","USD_CAP","A","1984",41.399,
"KOR","HEALTHEXP","COMPULSORY","USD_CAP","A","1985",48.951,
"KOR","HEALTHEXP","COMPULSORY","USD_CAP","A","1986",49.588,
"KOR","HEALTHEXP","COMPULSORY","USD_CAP","A","1987",57.044,
"KOR","HEALTHEXP","COMPULSORY","USD_CAP","A","1988",74.114,
"KOR","HEALTHEXP","COMPULSORY","USD_CAP","A","1989",95.177,
"KOR","HEALTHEXP","COMPULSORY","USD_CAP","A","1990",122.083,
"KOR","HEALTHEXP","COMPULSORY","USD_CAP","A","1991",123.816,
"KOR","HEALTHEXP","COMPULSORY","USD_CAP","A","1992",139.8,
"KOR","HEALTHEXP","COMPULSORY","USD_CAP","A","1993",154.81,
"KOR","HEALTHEXP","COMPULSORY","USD_CAP","A","1994",172.099,
"KOR","HEALTHEXP","COMPULSORY","USD_CAP","A","1995",192.661,
"KOR","HEALTHEXP","COMPULSORY","USD_CAP","A","1996",234.562,
"KOR","HEALTHEXP","COMPULSORY","USD_CAP","A","1997",265.646,
"KOR","HEALTHEXP","COMPULSORY","USD_CAP","A","1998",286.57,
"KOR","HEALTHEXP","COMPULSORY","USD_CAP","A","1999",337.645,
"KOR","HEALTHEXP","COMPULSORY","USD_CAP","A","2000",389.658,
"KOR","HEALTHEXP","COMPULSORY","USD_CAP","A","2001",511.546,
"KOR","HEALTHEXP","COMPULSORY","USD_CAP","A","2002",525.859,
"KOR","HEALTHEXP","COMPULSORY","USD_CAP","A","2003",572.543,
"KOR","HEALTHEXP","COMPULSORY","USD_CAP","A","2004",617.595,
"KOR","HEALTHEXP","COMPULSORY","USD_CAP","A","2005",690.655,
"KOR","HEALTHEXP","COMPULSORY","USD_CAP","A","2006",814.187,
"KOR","HEALTHEXP","COMPULSORY","USD_CAP","A","2007",905.946,
"KOR","HEALTHEXP","COMPULSORY","USD_CAP","A","2008",954.453,
"KOR","HEALTHEXP","COMPULSORY","USD_CAP","A","2009",1043.612,
"KOR","HEALTHEXP","COMPULSORY","USD_CAP","A","2010",1144.662,
"KOR","HEALTHEXP","COMPULSORY","USD_CAP","A","2011",1173.848,
"KOR","HEALTHEXP","COMPULSORY","USD_CAP","A","2012",1216.669,
"KOR","HEALTHEXP","COMPULSORY","USD_CAP","A","2013",1264.945,
"KOR","HEALTHEXP","COMPULSORY","USD_CAP","A","2014",1345.949,
"KOR","HEALTHEXP","COMPULSORY","USD_CAP","A","2015",1461.565,
"KOR","HEALTHEXP","COMPULSORY","USD_CAP","A","2016",1589.921,
"KOR","HEALTHEXP","COMPULSORY","USD_CAP","A","2017",1686.738,"P"
"LUX","HEALTHEXP","COMPULSORY","USD_CAP","A","1995",2057.527,"D"
"LUX","HEALTHEXP","COMPULSORY","USD_CAP","A","1996",2159.053,"D"
"LUX","HEALTHEXP","COMPULSORY","USD_CAP","A","1997",2188.532,"D"
"LUX","HEALTHEXP","COMPULSORY","USD_CAP","A","1998",2338.97,"D"
"LUX","HEALTHEXP","COMPULSORY","USD_CAP","A","1999",2631.791,
"LUX","HEALTHEXP","COMPULSORY","USD_CAP","A","2000",2793.041,"B"
"LUX","HEALTHEXP","COMPULSORY","USD_CAP","A","2001",3089.324,
"LUX","HEALTHEXP","COMPULSORY","USD_CAP","A","2002",3424.133,
"LUX","HEALTHEXP","COMPULSORY","USD_CAP","A","2003",3614.794,
"LUX","HEALTHEXP","COMPULSORY","USD_CAP","A","2004",4087.538,
"LUX","HEALTHEXP","COMPULSORY","USD_CAP","A","2005",4264.009,
"LUX","HEALTHEXP","COMPULSORY","USD_CAP","A","2006",4548.579,
"LUX","HEALTHEXP","COMPULSORY","USD_CAP","A","2007",4641.65,
"LUX","HEALTHEXP","COMPULSORY","USD_CAP","A","2008",5221.936,
"LUX","HEALTHEXP","COMPULSORY","USD_CAP","A","2009",5534.783,
"LUX","HEALTHEXP","COMPULSORY","USD_CAP","A","2010",5482.359,
"LUX","HEALTHEXP","COMPULSORY","USD_CAP","A","2011",4781.336,"B"
"LUX","HEALTHEXP","COMPULSORY","USD_CAP","A","2012",5112.855,
"LUX","HEALTHEXP","COMPULSORY","USD_CAP","A","2013",5288.162,
"LUX","HEALTHEXP","COMPULSORY","USD_CAP","A","2014",5505.895,
"LUX","HEALTHEXP","COMPULSORY","USD_CAP","A","2015",5312.62,"P"
"LUX","HEALTHEXP","COMPULSORY","USD_CAP","A","2016",5218.14,"P"
"LUX","HEALTHEXP","COMPULSORY","USD_CAP","A","2017",5286.434,"P"
"MEX","HEALTHEXP","COMPULSORY","USD_CAP","A","1999",210.243,
"MEX","HEALTHEXP","COMPULSORY","USD_CAP","A","2000",219.027,
"MEX","HEALTHEXP","COMPULSORY","USD_CAP","A","2001",231.589,
"MEX","HEALTHEXP","COMPULSORY","USD_CAP","A","2002",238.156,
"MEX","HEALTHEXP","COMPULSORY","USD_CAP","A","2003",266.734,"B"
"MEX","HEALTHEXP","COMPULSORY","USD_CAP","A","2004",300.666,
"MEX","HEALTHEXP","COMPULSORY","USD_CAP","A","2005",308.671,
"MEX","HEALTHEXP","COMPULSORY","USD_CAP","A","2006",330.507,
"MEX","HEALTHEXP","COMPULSORY","USD_CAP","A","2007",360.348,
"MEX","HEALTHEXP","COMPULSORY","USD_CAP","A","2008",388.819,
"MEX","HEALTHEXP","COMPULSORY","USD_CAP","A","2009",414.959,
"MEX","HEALTHEXP","COMPULSORY","USD_CAP","A","2010",443.346,
"MEX","HEALTHEXP","COMPULSORY","USD_CAP","A","2011",483.737,
"MEX","HEALTHEXP","COMPULSORY","USD_CAP","A","2012",518.959,
"MEX","HEALTHEXP","COMPULSORY","USD_CAP","A","2013",547.809,
"MEX","HEALTHEXP","COMPULSORY","USD_CAP","A","2014",528.706,
"MEX","HEALTHEXP","COMPULSORY","USD_CAP","A","2015",541.211,
"MEX","HEALTHEXP","COMPULSORY","USD_CAP","A","2016",533.923,"B"
"MEX","HEALTHEXP","COMPULSORY","USD_CAP","A","2017",533.345,"E"
"NLD","HEALTHEXP","COMPULSORY","USD_CAP","A","1980",514.441,
"NLD","HEALTHEXP","COMPULSORY","USD_CAP","A","1981",565.323,
"NLD","HEALTHEXP","COMPULSORY","USD_CAP","A","1982",615.779,
"NLD","HEALTHEXP","COMPULSORY","USD_CAP","A","1983",645.192,
"NLD","HEALTHEXP","COMPULSORY","USD_CAP","A","1984",659.115,
"NLD","HEALTHEXP","COMPULSORY","USD_CAP","A","1985",688.851,
"NLD","HEALTHEXP","COMPULSORY","USD_CAP","A","1986",702.256,
"NLD","HEALTHEXP","COMPULSORY","USD_CAP","A","1987",746.742,
"NLD","HEALTHEXP","COMPULSORY","USD_CAP","A","1988",779.382,
"NLD","HEALTHEXP","COMPULSORY","USD_CAP","A","1989",877.888,
"NLD","HEALTHEXP","COMPULSORY","USD_CAP","A","1990",953.579,
"NLD","HEALTHEXP","COMPULSORY","USD_CAP","A","1991",1049.849,
"NLD","HEALTHEXP","COMPULSORY","USD_CAP","A","1992",1169.732,
"NLD","HEALTHEXP","COMPULSORY","USD_CAP","A","1993",1235.83,
"NLD","HEALTHEXP","COMPULSORY","USD_CAP","A","1994",1256.876,
"NLD","HEALTHEXP","COMPULSORY","USD_CAP","A","1995",1282.755,
"NLD","HEALTHEXP","COMPULSORY","USD_CAP","A","1996",1234.237,
"NLD","HEALTHEXP","COMPULSORY","USD_CAP","A","1997",1299.941,
"NLD","HEALTHEXP","COMPULSORY","USD_CAP","A","1998",1316.133,"B"
"NLD","HEALTHEXP","COMPULSORY","USD_CAP","A","1999",1366.859,
"NLD","HEALTHEXP","COMPULSORY","USD_CAP","A","2000",1479.33,
"NLD","HEALTHEXP","COMPULSORY","USD_CAP","A","2001",1608.617,
"NLD","HEALTHEXP","COMPULSORY","USD_CAP","A","2002",1771.587,
"NLD","HEALTHEXP","COMPULSORY","USD_CAP","A","2003",1896.503,
"NLD","HEALTHEXP","COMPULSORY","USD_CAP","A","2004",1980.858,
"NLD","HEALTHEXP","COMPULSORY","USD_CAP","A","2005",2324.028,"B"
"NLD","HEALTHEXP","COMPULSORY","USD_CAP","A","2006",3081.956,
"NLD","HEALTHEXP","COMPULSORY","USD_CAP","A","2007",3333.081,
"NLD","HEALTHEXP","COMPULSORY","USD_CAP","A","2008",3561.617,
"NLD","HEALTHEXP","COMPULSORY","USD_CAP","A","2009",3715.976,
"NLD","HEALTHEXP","COMPULSORY","USD_CAP","A","2010",3825.167,
"NLD","HEALTHEXP","COMPULSORY","USD_CAP","A","2011",3983.097,
"NLD","HEALTHEXP","COMPULSORY","USD_CAP","A","2012",4174.633,
"NLD","HEALTHEXP","COMPULSORY","USD_CAP","A","2013",4299.677,
"NLD","HEALTHEXP","COMPULSORY","USD_CAP","A","2014",4257.517,
"NLD","HEALTHEXP","COMPULSORY","USD_CAP","A","2015",4171.893,
"NLD","HEALTHEXP","COMPULSORY","USD_CAP","A","2016",4239.49,
"NLD","HEALTHEXP","COMPULSORY","USD_CAP","A","2017",4377.677,"P"
"NZL","HEALTHEXP","COMPULSORY","USD_CAP","A","1980",425.061,
"NZL","HEALTHEXP","COMPULSORY","USD_CAP","A","1981",509.123,
"NZL","HEALTHEXP","COMPULSORY","USD_CAP","A","1982",524.864,
"NZL","HEALTHEXP","COMPULSORY","USD_CAP","A","1983",554.051,
"NZL","HEALTHEXP","COMPULSORY","USD_CAP","A","1984",564.577,
"NZL","HEALTHEXP","COMPULSORY","USD_CAP","A","1985",532.699,
"NZL","HEALTHEXP","COMPULSORY","USD_CAP","A","1986",571.335,
"NZL","HEALTHEXP","COMPULSORY","USD_CAP","A","1987",647.826,
"NZL","HEALTHEXP","COMPULSORY","USD_CAP","A","1988",717.068,
"NZL","HEALTHEXP","COMPULSORY","USD_CAP","A","1989",768.656,
"NZL","HEALTHEXP","COMPULSORY","USD_CAP","A","1990",802.414,
"NZL","HEALTHEXP","COMPULSORY","USD_CAP","A","1991",850.437,
"NZL","HEALTHEXP","COMPULSORY","USD_CAP","A","1992",851.93,
"NZL","HEALTHEXP","COMPULSORY","USD_CAP","A","1993",846.841,
"NZL","HEALTHEXP","COMPULSORY","USD_CAP","A","1994",918.398,
"NZL","HEALTHEXP","COMPULSORY","USD_CAP","A","1995",960.046,
"NZL","HEALTHEXP","COMPULSORY","USD_CAP","A","1996",975.751,
"NZL","HEALTHEXP","COMPULSORY","USD_CAP","A","1997",1049.729,
"NZL","HEALTHEXP","COMPULSORY","USD_CAP","A","1998",1118.81,
"NZL","HEALTHEXP","COMPULSORY","USD_CAP","A","1999",1179.521,
"NZL","HEALTHEXP","COMPULSORY","USD_CAP","A","2000",1253.54,
"NZL","HEALTHEXP","COMPULSORY","USD_CAP","A","2001",1304.198,
"NZL","HEALTHEXP","COMPULSORY","USD_CAP","A","2002",1434.331,
"NZL","HEALTHEXP","COMPULSORY","USD_CAP","A","2003",1449.578,
"NZL","HEALTHEXP","COMPULSORY","USD_CAP","A","2004",1578.311,
"NZL","HEALTHEXP","COMPULSORY","USD_CAP","A","2005",1692.661,
"NZL","HEALTHEXP","COMPULSORY","USD_CAP","A","2006",1919.355,
"NZL","HEALTHEXP","COMPULSORY","USD_CAP","A","2007",2014.874,
"NZL","HEALTHEXP","COMPULSORY","USD_CAP","A","2008",2200.416,
"NZL","HEALTHEXP","COMPULSORY","USD_CAP","A","2009",2395.049,"P"
"NZL","HEALTHEXP","COMPULSORY","USD_CAP","A","2010",2433.46,"P"
"NZL","HEALTHEXP","COMPULSORY","USD_CAP","A","2011",2517.882,"P"
"NZL","HEALTHEXP","COMPULSORY","USD_CAP","A","2012",2563.021,"P"
"NZL","HEALTHEXP","COMPULSORY","USD_CAP","A","2013",2715.665,"P"
"NZL","HEALTHEXP","COMPULSORY","USD_CAP","A","2014",2793.877,"P"
"NZL","HEALTHEXP","COMPULSORY","USD_CAP","A","2015",2783.549,"P"
"NZL","HEALTHEXP","COMPULSORY","USD_CAP","A","2016",2862.569,"P"
"NZL","HEALTHEXP","COMPULSORY","USD_CAP","A","2017",2894.164,"P"
"NOR","HEALTHEXP","COMPULSORY","USD_CAP","A","1980",524.316,
"NOR","HEALTHEXP","COMPULSORY","USD_CAP","A","1981",584.19,
"NOR","HEALTHEXP","COMPULSORY","USD_CAP","A","1982",633.868,
"NOR","HEALTHEXP","COMPULSORY","USD_CAP","A","1983",702.569,
"NOR","HEALTHEXP","COMPULSORY","USD_CAP","A","1984",728.272,
"NOR","HEALTHEXP","COMPULSORY","USD_CAP","A","1985",783.188,
"NOR","HEALTHEXP","COMPULSORY","USD_CAP","A","1986",893.658,
"NOR","HEALTHEXP","COMPULSORY","USD_CAP","A","1987",977.372,
"NOR","HEALTHEXP","COMPULSORY","USD_CAP","A","1988",986.032,
"NOR","HEALTHEXP","COMPULSORY","USD_CAP","A","1989",985.926,
"NOR","HEALTHEXP","COMPULSORY","USD_CAP","A","1990",1080.32,
"NOR","HEALTHEXP","COMPULSORY","USD_CAP","A","1991",1207.003,
"NOR","HEALTHEXP","COMPULSORY","USD_CAP","A","1992",1305.885,
"NOR","HEALTHEXP","COMPULSORY","USD_CAP","A","1993",1341.553,"B"
"NOR","HEALTHEXP","COMPULSORY","USD_CAP","A","1994",1415.159,
"NOR","HEALTHEXP","COMPULSORY","USD_CAP","A","1995",1483.209,
"NOR","HEALTHEXP","COMPULSORY","USD_CAP","A","1996",1611.992,
"NOR","HEALTHEXP","COMPULSORY","USD_CAP","A","1997",1785.234,"B"
"NOR","HEALTHEXP","COMPULSORY","USD_CAP","A","1998",1930.548,
"NOR","HEALTHEXP","COMPULSORY","USD_CAP","A","1999",2102.926,
"NOR","HEALTHEXP","COMPULSORY","USD_CAP","A","2000",2326.758,
"NOR","HEALTHEXP","COMPULSORY","USD_CAP","A","2001",2511.536,"B"
"NOR","HEALTHEXP","COMPULSORY","USD_CAP","A","2002",2833.394,
"NOR","HEALTHEXP","COMPULSORY","USD_CAP","A","2003",2954.184,
"NOR","HEALTHEXP","COMPULSORY","USD_CAP","A","2004",3114.243,
"NOR","HEALTHEXP","COMPULSORY","USD_CAP","A","2005",3306.073,
"NOR","HEALTHEXP","COMPULSORY","USD_CAP","A","2006",3568.419,
"NOR","HEALTHEXP","COMPULSORY","USD_CAP","A","2007",3764.672,
"NOR","HEALTHEXP","COMPULSORY","USD_CAP","A","2008",4133.638,
"NOR","HEALTHEXP","COMPULSORY","USD_CAP","A","2009",4242.11,
"NOR","HEALTHEXP","COMPULSORY","USD_CAP","A","2010",4371.776,
"NOR","HEALTHEXP","COMPULSORY","USD_CAP","A","2011",4605.892,
"NOR","HEALTHEXP","COMPULSORY","USD_CAP","A","2012",4862.207,
"NOR","HEALTHEXP","COMPULSORY","USD_CAP","A","2013",5083.8,
"NOR","HEALTHEXP","COMPULSORY","USD_CAP","A","2014",5251.776,
"NOR","HEALTHEXP","COMPULSORY","USD_CAP","A","2015",5335.628,
"NOR","HEALTHEXP","COMPULSORY","USD_CAP","A","2016",5257.005,"P"
"NOR","HEALTHEXP","COMPULSORY","USD_CAP","A","2017",5398.962,"P"
"POL","HEALTHEXP","COMPULSORY","USD_CAP","A","1990",243.491,
"POL","HEALTHEXP","COMPULSORY","USD_CAP","A","1991",247.252,
"POL","HEALTHEXP","COMPULSORY","USD_CAP","A","1992",263.664,
"POL","HEALTHEXP","COMPULSORY","USD_CAP","A","1993",257.368,
"POL","HEALTHEXP","COMPULSORY","USD_CAP","A","1994",255.329,
"POL","HEALTHEXP","COMPULSORY","USD_CAP","A","1995",277.352,
"POL","HEALTHEXP","COMPULSORY","USD_CAP","A","1996",319.473,
"POL","HEALTHEXP","COMPULSORY","USD_CAP","A","1997",314.718,
"POL","HEALTHEXP","COMPULSORY","USD_CAP","A","1998",327.741,
"POL","HEALTHEXP","COMPULSORY","USD_CAP","A","1999",383.755,
"POL","HEALTHEXP","COMPULSORY","USD_CAP","A","2000",388.703,
"POL","HEALTHEXP","COMPULSORY","USD_CAP","A","2001",448.124,
"POL","HEALTHEXP","COMPULSORY","USD_CAP","A","2002",504.496,"B"
"POL","HEALTHEXP","COMPULSORY","USD_CAP","A","2003",505.361,
"POL","HEALTHEXP","COMPULSORY","USD_CAP","A","2004",530.546,
"POL","HEALTHEXP","COMPULSORY","USD_CAP","A","2005",554.187,
"POL","HEALTHEXP","COMPULSORY","USD_CAP","A","2006",608.243,
"POL","HEALTHEXP","COMPULSORY","USD_CAP","A","2007",690.777,
"POL","HEALTHEXP","COMPULSORY","USD_CAP","A","2008",836.355,
"POL","HEALTHEXP","COMPULSORY","USD_CAP","A","2009",908.196,
"POL","HEALTHEXP","COMPULSORY","USD_CAP","A","2010",969.412,
"POL","HEALTHEXP","COMPULSORY","USD_CAP","A","2011",1009.561,
"POL","HEALTHEXP","COMPULSORY","USD_CAP","A","2012",1035.142,
"POL","HEALTHEXP","COMPULSORY","USD_CAP","A","2013",1113.543,
"POL","HEALTHEXP","COMPULSORY","USD_CAP","A","2014",1130.359,
"POL","HEALTHEXP","COMPULSORY","USD_CAP","A","2015",1180.713,
"POL","HEALTHEXP","COMPULSORY","USD_CAP","A","2016",1246.285,
"POL","HEALTHEXP","COMPULSORY","USD_CAP","A","2017",1352.232,"P"
"PRT","HEALTHEXP","COMPULSORY","USD_CAP","A","1980",173.512,
"PRT","HEALTHEXP","COMPULSORY","USD_CAP","A","1981",198.125,
"PRT","HEALTHEXP","COMPULSORY","USD_CAP","A","1982",188.929,
"PRT","HEALTHEXP","COMPULSORY","USD_CAP","A","1983",172.292,
"PRT","HEALTHEXP","COMPULSORY","USD_CAP","A","1984",176.861,
"PRT","HEALTHEXP","COMPULSORY","USD_CAP","A","1985",219.123,
"PRT","HEALTHEXP","COMPULSORY","USD_CAP","A","1986",247.126,
"PRT","HEALTHEXP","COMPULSORY","USD_CAP","A","1987",257.622,
"PRT","HEALTHEXP","COMPULSORY","USD_CAP","A","1988",313.305,
"PRT","HEALTHEXP","COMPULSORY","USD_CAP","A","1989",316.205,
"PRT","HEALTHEXP","COMPULSORY","USD_CAP","A","1990",421.368,
"PRT","HEALTHEXP","COMPULSORY","USD_CAP","A","1991",476.978,
"PRT","HEALTHEXP","COMPULSORY","USD_CAP","A","1992",477.384,
"PRT","HEALTHEXP","COMPULSORY","USD_CAP","A","1993",528.368,
"PRT","HEALTHEXP","COMPULSORY","USD_CAP","A","1994",541.22,
"PRT","HEALTHEXP","COMPULSORY","USD_CAP","A","1995",636.604,"B"
"PRT","HEALTHEXP","COMPULSORY","USD_CAP","A","1996",711.593,
"PRT","HEALTHEXP","COMPULSORY","USD_CAP","A","1997",753.581,
"PRT","HEALTHEXP","COMPULSORY","USD_CAP","A","1998",812.781,
"PRT","HEALTHEXP","COMPULSORY","USD_CAP","A","1999",898.072,
"PRT","HEALTHEXP","COMPULSORY","USD_CAP","A","2000",1114.441,"B"
"PRT","HEALTHEXP","COMPULSORY","USD_CAP","A","2001",1163.861,
"PRT","HEALTHEXP","COMPULSORY","USD_CAP","A","2002",1265.261,
"PRT","HEALTHEXP","COMPULSORY","USD_CAP","A","2003",1317.159,
"PRT","HEALTHEXP","COMPULSORY","USD_CAP","A","2004",1418.256,
"PRT","HEALTHEXP","COMPULSORY","USD_CAP","A","2005",1528.818,
"PRT","HEALTHEXP","COMPULSORY","USD_CAP","A","2006",1557.454,
"PRT","HEALTHEXP","COMPULSORY","USD_CAP","A","2007",1601.023,
"PRT","HEALTHEXP","COMPULSORY","USD_CAP","A","2008",1703.273,
"PRT","HEALTHEXP","COMPULSORY","USD_CAP","A","2009",1828.009,
"PRT","HEALTHEXP","COMPULSORY","USD_CAP","A","2010",1872.684,
"PRT","HEALTHEXP","COMPULSORY","USD_CAP","A","2011",1727.88,
"PRT","HEALTHEXP","COMPULSORY","USD_CAP","A","2012",1621.528,
"PRT","HEALTHEXP","COMPULSORY","USD_CAP","A","2013",1697.11,
"PRT","HEALTHEXP","COMPULSORY","USD_CAP","A","2014",1713.921,
"PRT","HEALTHEXP","COMPULSORY","USD_CAP","A","2015",1753.137,
"PRT","HEALTHEXP","COMPULSORY","USD_CAP","A","2016",1846.427,
"PRT","HEALTHEXP","COMPULSORY","USD_CAP","A","2017",1924.844,"P"
"SVK","HEALTHEXP","COMPULSORY","USD_CAP","A","1997",521.681,"D"
"SVK","HEALTHEXP","COMPULSORY","USD_CAP","A","1998",539.111,"D"
"SVK","HEALTHEXP","COMPULSORY","USD_CAP","A","1999",529.994,
"SVK","HEALTHEXP","COMPULSORY","USD_CAP","A","2000",537.852,
"SVK","HEALTHEXP","COMPULSORY","USD_CAP","A","2001",589.087,
"SVK","HEALTHEXP","COMPULSORY","USD_CAP","A","2002",652.631,
"SVK","HEALTHEXP","COMPULSORY","USD_CAP","A","2003",677.497,
"SVK","HEALTHEXP","COMPULSORY","USD_CAP","A","2004",763.775,
"SVK","HEALTHEXP","COMPULSORY","USD_CAP","A","2005",825.375,"B"
"SVK","HEALTHEXP","COMPULSORY","USD_CAP","A","2006",905.98,
"SVK","HEALTHEXP","COMPULSORY","USD_CAP","A","2007",1054.373,
"SVK","HEALTHEXP","COMPULSORY","USD_CAP","A","2008",1243.832,
"SVK","HEALTHEXP","COMPULSORY","USD_CAP","A","2009",1348.076,
"SVK","HEALTHEXP","COMPULSORY","USD_CAP","A","2010",1401.65,
"SVK","HEALTHEXP","COMPULSORY","USD_CAP","A","2011",1414.019,
"SVK","HEALTHEXP","COMPULSORY","USD_CAP","A","2012",1468.084,"B"
"SVK","HEALTHEXP","COMPULSORY","USD_CAP","A","2013",1558.37,
"SVK","HEALTHEXP","COMPULSORY","USD_CAP","A","2014",1603.258,
"SVK","HEALTHEXP","COMPULSORY","USD_CAP","A","2015",1616.195,
"SVK","HEALTHEXP","COMPULSORY","USD_CAP","A","2016",1752.635,
"SVK","HEALTHEXP","COMPULSORY","USD_CAP","A","2017",1826.88,"E"
"ESP","HEALTHEXP","COMPULSORY","USD_CAP","A","1980",279.411,
"ESP","HEALTHEXP","COMPULSORY","USD_CAP","A","1981",306.324,
"ESP","HEALTHEXP","COMPULSORY","USD_CAP","A","1982",335.998,
"ESP","HEALTHEXP","COMPULSORY","USD_CAP","A","1983",390.368,
"ESP","HEALTHEXP","COMPULSORY","USD_CAP","A","1984",380.986,
"ESP","HEALTHEXP","COMPULSORY","USD_CAP","A","1985",384.784,
"ESP","HEALTHEXP","COMPULSORY","USD_CAP","A","1986",396.22,
"ESP","HEALTHEXP","COMPULSORY","USD_CAP","A","1987",432.988,
"ESP","HEALTHEXP","COMPULSORY","USD_CAP","A","1988",520.124,
"ESP","HEALTHEXP","COMPULSORY","USD_CAP","A","1989",568.735,
"ESP","HEALTHEXP","COMPULSORY","USD_CAP","A","1990",651.87,
"ESP","HEALTHEXP","COMPULSORY","USD_CAP","A","1991",698.578,
"ESP","HEALTHEXP","COMPULSORY","USD_CAP","A","1992",760.547,
"ESP","HEALTHEXP","COMPULSORY","USD_CAP","A","1993",792.805,
"ESP","HEALTHEXP","COMPULSORY","USD_CAP","A","1994",808.455,
"ESP","HEALTHEXP","COMPULSORY","USD_CAP","A","1995",823.4,
"ESP","HEALTHEXP","COMPULSORY","USD_CAP","A","1996",863.038,
"ESP","HEALTHEXP","COMPULSORY","USD_CAP","A","1997",896.685,
"ESP","HEALTHEXP","COMPULSORY","USD_CAP","A","1998",945.69,
"ESP","HEALTHEXP","COMPULSORY","USD_CAP","A","1999",988.841,"B"
"ESP","HEALTHEXP","COMPULSORY","USD_CAP","A","2000",1047.199,
"ESP","HEALTHEXP","COMPULSORY","USD_CAP","A","2001",1104.764,
"ESP","HEALTHEXP","COMPULSORY","USD_CAP","A","2002",1177.422,
"ESP","HEALTHEXP","COMPULSORY","USD_CAP","A","2003",1345.476,"B"
"ESP","HEALTHEXP","COMPULSORY","USD_CAP","A","2004",1428.369,
"ESP","HEALTHEXP","COMPULSORY","USD_CAP","A","2005",1528.36,
"ESP","HEALTHEXP","COMPULSORY","USD_CAP","A","2006",1732.087,
"ESP","HEALTHEXP","COMPULSORY","USD_CAP","A","2007",1857.464,
"ESP","HEALTHEXP","COMPULSORY","USD_CAP","A","2008",2042.504,
"ESP","HEALTHEXP","COMPULSORY","USD_CAP","A","2009",2194.842,
"ESP","HEALTHEXP","COMPULSORY","USD_CAP","A","2010",2155.881,
"ESP","HEALTHEXP","COMPULSORY","USD_CAP","A","2011",2151.163,
"ESP","HEALTHEXP","COMPULSORY","USD_CAP","A","2012",2095.478,
"ESP","HEALTHEXP","COMPULSORY","USD_CAP","A","2013",2089.988,
"ESP","HEALTHEXP","COMPULSORY","USD_CAP","A","2014",2141.562,
"ESP","HEALTHEXP","COMPULSORY","USD_CAP","A","2015",2263.563,
"ESP","HEALTHEXP","COMPULSORY","USD_CAP","A","2016",2320.021,
"ESP","HEALTHEXP","COMPULSORY","USD_CAP","A","2017",2385.688,"E"
"SWE","HEALTHEXP","COMPULSORY","USD_CAP","A","1980",798.471,
"SWE","HEALTHEXP","COMPULSORY","USD_CAP","A","1981",880.313,
"SWE","HEALTHEXP","COMPULSORY","USD_CAP","A","1982",953.345,
"SWE","HEALTHEXP","COMPULSORY","USD_CAP","A","1983",996.927,
"SWE","HEALTHEXP","COMPULSORY","USD_CAP","A","1984",1049.77,
"SWE","HEALTHEXP","COMPULSORY","USD_CAP","A","1985",1032.082,
"SWE","HEALTHEXP","COMPULSORY","USD_CAP","A","1986",1045.749,
"SWE","HEALTHEXP","COMPULSORY","USD_CAP","A","1987",1117.634,
"SWE","HEALTHEXP","COMPULSORY","USD_CAP","A","1988",1161.691,
"SWE","HEALTHEXP","COMPULSORY","USD_CAP","A","1989",1243.363,
"SWE","HEALTHEXP","COMPULSORY","USD_CAP","A","1990",1160.908,
"SWE","HEALTHEXP","COMPULSORY","USD_CAP","A","1991",1150.041,
"SWE","HEALTHEXP","COMPULSORY","USD_CAP","A","1992",1345.72,
"SWE","HEALTHEXP","COMPULSORY","USD_CAP","A","1993",1387.467,"B"
"SWE","HEALTHEXP","COMPULSORY","USD_CAP","A","1994",1387.272,
"SWE","HEALTHEXP","COMPULSORY","USD_CAP","A","1995",1439.567,
"SWE","HEALTHEXP","COMPULSORY","USD_CAP","A","1996",1542.794,
"SWE","HEALTHEXP","COMPULSORY","USD_CAP","A","1997",1537.612,
"SWE","HEALTHEXP","COMPULSORY","USD_CAP","A","1998",1617.849,
"SWE","HEALTHEXP","COMPULSORY","USD_CAP","A","1999",1728.215,
"SWE","HEALTHEXP","COMPULSORY","USD_CAP","A","2000",1856.212,
"SWE","HEALTHEXP","COMPULSORY","USD_CAP","A","2001",1950.295,"B"
"SWE","HEALTHEXP","COMPULSORY","USD_CAP","A","2002",2102.183,
"SWE","HEALTHEXP","COMPULSORY","USD_CAP","A","2003",2199.473,
"SWE","HEALTHEXP","COMPULSORY","USD_CAP","A","2004",2276.694,
"SWE","HEALTHEXP","COMPULSORY","USD_CAP","A","2005",2298.635,
"SWE","HEALTHEXP","COMPULSORY","USD_CAP","A","2006",2498.435,
"SWE","HEALTHEXP","COMPULSORY","USD_CAP","A","2007",2681.328,
"SWE","HEALTHEXP","COMPULSORY","USD_CAP","A","2008",2848.093,
"SWE","HEALTHEXP","COMPULSORY","USD_CAP","A","2009",2906.416,
"SWE","HEALTHEXP","COMPULSORY","USD_CAP","A","2010",2892.7,
"SWE","HEALTHEXP","COMPULSORY","USD_CAP","A","2011",3923.417,"B"
"SWE","HEALTHEXP","COMPULSORY","USD_CAP","A","2012",4088.934,
"SWE","HEALTHEXP","COMPULSORY","USD_CAP","A","2013",4227.657,
"SWE","HEALTHEXP","COMPULSORY","USD_CAP","A","2014",4321.193,
"SWE","HEALTHEXP","COMPULSORY","USD_CAP","A","2015",4393.487,
"SWE","HEALTHEXP","COMPULSORY","USD_CAP","A","2016",4465.547,
"SWE","HEALTHEXP","COMPULSORY","USD_CAP","A","2017",4606.429,"P"
"CHE","HEALTHEXP","COMPULSORY","USD_CAP","A","1995",1488.737,"B"
"CHE","HEALTHEXP","COMPULSORY","USD_CAP","A","1996",1610.821,
"CHE","HEALTHEXP","COMPULSORY","USD_CAP","A","1997",1693.732,
"CHE","HEALTHEXP","COMPULSORY","USD_CAP","A","1998",1777.241,
"CHE","HEALTHEXP","COMPULSORY","USD_CAP","A","1999",1869.551,
"CHE","HEALTHEXP","COMPULSORY","USD_CAP","A","2000",1957.025,
"CHE","HEALTHEXP","COMPULSORY","USD_CAP","A","2001",2139.2,
"CHE","HEALTHEXP","COMPULSORY","USD_CAP","A","2002",2359.805,
"CHE","HEALTHEXP","COMPULSORY","USD_CAP","A","2003",2452.404,
"CHE","HEALTHEXP","COMPULSORY","USD_CAP","A","2004",2558.344,
"CHE","HEALTHEXP","COMPULSORY","USD_CAP","A","2005",2659.951,
"CHE","HEALTHEXP","COMPULSORY","USD_CAP","A","2006",2784.148,
"CHE","HEALTHEXP","COMPULSORY","USD_CAP","A","2007",3021.574,
"CHE","HEALTHEXP","COMPULSORY","USD_CAP","A","2008",3282.929,
"CHE","HEALTHEXP","COMPULSORY","USD_CAP","A","2009",3463.471,
"CHE","HEALTHEXP","COMPULSORY","USD_CAP","A","2010",3510.429,
"CHE","HEALTHEXP","COMPULSORY","USD_CAP","A","2011",3769.694,
"CHE","HEALTHEXP","COMPULSORY","USD_CAP","A","2012",4065.059,
"CHE","HEALTHEXP","COMPULSORY","USD_CAP","A","2013",4360.162,
"CHE","HEALTHEXP","COMPULSORY","USD_CAP","A","2014",4498.989,
"CHE","HEALTHEXP","COMPULSORY","USD_CAP","A","2015",4796.262,
"CHE","HEALTHEXP","COMPULSORY","USD_CAP","A","2016",4911.814,
"CHE","HEALTHEXP","COMPULSORY","USD_CAP","A","2017",5030.365,"E"
"TUR","HEALTHEXP","COMPULSORY","USD_CAP","A","1980",28.796,"D"
"TUR","HEALTHEXP","COMPULSORY","USD_CAP","A","1981",12.664,"D"
"TUR","HEALTHEXP","COMPULSORY","USD_CAP","A","1982",20.416,"D"
"TUR","HEALTHEXP","COMPULSORY","USD_CAP","A","1983",19.266,"D"
"TUR","HEALTHEXP","COMPULSORY","USD_CAP","A","1984",50.519,"D"
"TUR","HEALTHEXP","COMPULSORY","USD_CAP","A","1985",43.056,
"TUR","HEALTHEXP","COMPULSORY","USD_CAP","A","1986",46.076,
"TUR","HEALTHEXP","COMPULSORY","USD_CAP","A","1987",48.924,
"TUR","HEALTHEXP","COMPULSORY","USD_CAP","A","1988",73.857,
"TUR","HEALTHEXP","COMPULSORY","USD_CAP","A","1989",95.045,
"TUR","HEALTHEXP","COMPULSORY","USD_CAP","A","1990",119.327,
"TUR","HEALTHEXP","COMPULSORY","USD_CAP","A","1991",145.578,"D"
"TUR","HEALTHEXP","COMPULSORY","USD_CAP","A","1992",162.498,"D"
"TUR","HEALTHEXP","COMPULSORY","USD_CAP","A","1993",171.528,"D"
"TUR","HEALTHEXP","COMPULSORY","USD_CAP","A","1994",164.136,"D"
"TUR","HEALTHEXP","COMPULSORY","USD_CAP","A","1995",167.99,"D"
"TUR","HEALTHEXP","COMPULSORY","USD_CAP","A","1996",204.29,"D"
"TUR","HEALTHEXP","COMPULSORY","USD_CAP","A","1997",245.101,"D"
"TUR","HEALTHEXP","COMPULSORY","USD_CAP","A","1998",215.725,"D"
"TUR","HEALTHEXP","COMPULSORY","USD_CAP","A","1999",220.284,"B"
"TUR","HEALTHEXP","COMPULSORY","USD_CAP","A","2000",262.473,
"TUR","HEALTHEXP","COMPULSORY","USD_CAP","A","2001",300.871,
"TUR","HEALTHEXP","COMPULSORY","USD_CAP","A","2002",328.695,
"TUR","HEALTHEXP","COMPULSORY","USD_CAP","A","2003",342.275,
"TUR","HEALTHEXP","COMPULSORY","USD_CAP","A","2004",382.958,
"TUR","HEALTHEXP","COMPULSORY","USD_CAP","A","2005",394.885,
"TUR","HEALTHEXP","COMPULSORY","USD_CAP","A","2006",482.889,
"TUR","HEALTHEXP","COMPULSORY","USD_CAP","A","2007",534.851,
"TUR","HEALTHEXP","COMPULSORY","USD_CAP","A","2008",608.31,
"TUR","HEALTHEXP","COMPULSORY","USD_CAP","A","2009",683.027,
"TUR","HEALTHEXP","COMPULSORY","USD_CAP","A","2010",679.904,
"TUR","HEALTHEXP","COMPULSORY","USD_CAP","A","2011",721.316,
"TUR","HEALTHEXP","COMPULSORY","USD_CAP","A","2012",725.824,
"TUR","HEALTHEXP","COMPULSORY","USD_CAP","A","2013",766.215,
"TUR","HEALTHEXP","COMPULSORY","USD_CAP","A","2014",809.103,
"TUR","HEALTHEXP","COMPULSORY","USD_CAP","A","2015",803.928,
"TUR","HEALTHEXP","COMPULSORY","USD_CAP","A","2016",856.955,
"TUR","HEALTHEXP","COMPULSORY","USD_CAP","A","2017",934.229,"E"
"GBR","HEALTHEXP","COMPULSORY","USD_CAP","A","1980",388.698,
"GBR","HEALTHEXP","COMPULSORY","USD_CAP","A","1981",438.132,
"GBR","HEALTHEXP","COMPULSORY","USD_CAP","A","1982",453.437,
"GBR","HEALTHEXP","COMPULSORY","USD_CAP","A","1983",509.4,
"GBR","HEALTHEXP","COMPULSORY","USD_CAP","A","1984",526.81,
"GBR","HEALTHEXP","COMPULSORY","USD_CAP","A","1985",548.38,
"GBR","HEALTHEXP","COMPULSORY","USD_CAP","A","1986",572.875,
"GBR","HEALTHEXP","COMPULSORY","USD_CAP","A","1987",619.386,
"GBR","HEALTHEXP","COMPULSORY","USD_CAP","A","1988",662.603,
"GBR","HEALTHEXP","COMPULSORY","USD_CAP","A","1989",690.866,
"GBR","HEALTHEXP","COMPULSORY","USD_CAP","A","1990",726.587,
"GBR","HEALTHEXP","COMPULSORY","USD_CAP","A","1991",791.301,
"GBR","HEALTHEXP","COMPULSORY","USD_CAP","A","1992",878.898,
"GBR","HEALTHEXP","COMPULSORY","USD_CAP","A","1993",937.215,
"GBR","HEALTHEXP","COMPULSORY","USD_CAP","A","1994",996.553,
"GBR","HEALTHEXP","COMPULSORY","USD_CAP","A","1995",961.426,
"GBR","HEALTHEXP","COMPULSORY","USD_CAP","A","1996",1022.204,
"GBR","HEALTHEXP","COMPULSORY","USD_CAP","A","1997",993.727,"B"
"GBR","HEALTHEXP","COMPULSORY","USD_CAP","A","1998",1044.167,
"GBR","HEALTHEXP","COMPULSORY","USD_CAP","A","1999",1123.895,
"GBR","HEALTHEXP","COMPULSORY","USD_CAP","A","2000",1242.478,
"GBR","HEALTHEXP","COMPULSORY","USD_CAP","A","2001",1376.636,
"GBR","HEALTHEXP","COMPULSORY","USD_CAP","A","2002",1511.252,
"GBR","HEALTHEXP","COMPULSORY","USD_CAP","A","2003",1638.299,
"GBR","HEALTHEXP","COMPULSORY","USD_CAP","A","2004",1815.071,
"GBR","HEALTHEXP","COMPULSORY","USD_CAP","A","2005",1900.741,
"GBR","HEALTHEXP","COMPULSORY","USD_CAP","A","2006",2085.129,
"GBR","HEALTHEXP","COMPULSORY","USD_CAP","A","2007",2143.845,
"GBR","HEALTHEXP","COMPULSORY","USD_CAP","A","2008",2305.515,
"GBR","HEALTHEXP","COMPULSORY","USD_CAP","A","2009",2462.031,
"GBR","HEALTHEXP","COMPULSORY","USD_CAP","A","2010",2525.054,
"GBR","HEALTHEXP","COMPULSORY","USD_CAP","A","2011",2546.686,
"GBR","HEALTHEXP","COMPULSORY","USD_CAP","A","2012",2602.372,
"GBR","HEALTHEXP","COMPULSORY","USD_CAP","A","2013",3057.43,"B"
"GBR","HEALTHEXP","COMPULSORY","USD_CAP","A","2014",3152.497,
"GBR","HEALTHEXP","COMPULSORY","USD_CAP","A","2015",3240.206,
"GBR","HEALTHEXP","COMPULSORY","USD_CAP","A","2016",3311.805,
"GBR","HEALTHEXP","COMPULSORY","USD_CAP","A","2017",3341.448,"E"
"USA","HEALTHEXP","COMPULSORY","USD_CAP","A","1980",434.865,
"USA","HEALTHEXP","COMPULSORY","USD_CAP","A","1981",500.236,
"USA","HEALTHEXP","COMPULSORY","USD_CAP","A","1982",551.686,
"USA","HEALTHEXP","COMPULSORY","USD_CAP","A","1983",601.672,
"USA","HEALTHEXP","COMPULSORY","USD_CAP","A","1984",648.222,
"USA","HEALTHEXP","COMPULSORY","USD_CAP","A","1985",698.745,
"USA","HEALTHEXP","COMPULSORY","USD_CAP","A","1986",757.743,
"USA","HEALTHEXP","COMPULSORY","USD_CAP","A","1987",821.759,
"USA","HEALTHEXP","COMPULSORY","USD_CAP","A","1988",883.532,
"USA","HEALTHEXP","COMPULSORY","USD_CAP","A","1989",975.994,
"USA","HEALTHEXP","COMPULSORY","USD_CAP","A","1990",1085.25,
"USA","HEALTHEXP","COMPULSORY","USD_CAP","A","1991",1217.277,
"USA","HEALTHEXP","COMPULSORY","USD_CAP","A","1992",1342.963,
"USA","HEALTHEXP","COMPULSORY","USD_CAP","A","1993",1459.52,
"USA","HEALTHEXP","COMPULSORY","USD_CAP","A","1994",1575.461,
"USA","HEALTHEXP","COMPULSORY","USD_CAP","A","1995",1663.424,
"USA","HEALTHEXP","COMPULSORY","USD_CAP","A","1996",1732.561,
"USA","HEALTHEXP","COMPULSORY","USD_CAP","A","1997",1798.668,
"USA","HEALTHEXP","COMPULSORY","USD_CAP","A","1998",1826.695,
"USA","HEALTHEXP","COMPULSORY","USD_CAP","A","1999",1898.877,
"USA","HEALTHEXP","COMPULSORY","USD_CAP","A","2000",2013.675,
"USA","HEALTHEXP","COMPULSORY","USD_CAP","A","2001",2216.163,
"USA","HEALTHEXP","COMPULSORY","USD_CAP","A","2002",2403.556,
"USA","HEALTHEXP","COMPULSORY","USD_CAP","A","2003",2575.869,
"USA","HEALTHEXP","COMPULSORY","USD_CAP","A","2004",2756.973,
"USA","HEALTHEXP","COMPULSORY","USD_CAP","A","2005",2924.004,
"USA","HEALTHEXP","COMPULSORY","USD_CAP","A","2006",3139.45,
"USA","HEALTHEXP","COMPULSORY","USD_CAP","A","2007",3308.241,
"USA","HEALTHEXP","COMPULSORY","USD_CAP","A","2008",3495.589,
"USA","HEALTHEXP","COMPULSORY","USD_CAP","A","2009",3697.231,
"USA","HEALTHEXP","COMPULSORY","USD_CAP","A","2010",3841.208,
"USA","HEALTHEXP","COMPULSORY","USD_CAP","A","2011",3941.396,
"USA","HEALTHEXP","COMPULSORY","USD_CAP","A","2012",4071.001,
"USA","HEALTHEXP","COMPULSORY","USD_CAP","A","2013",4207.142,
"USA","HEALTHEXP","COMPULSORY","USD_CAP","A","2014",7345.899,
"USA","HEALTHEXP","COMPULSORY","USD_CAP","A","2015",7778.12,
"USA","HEALTHEXP","COMPULSORY","USD_CAP","A","2016",8047.295,
"BRA","HEALTHEXP","COMPULSORY","USD_CAP","A","2000",319.519,"E"
"BRA","HEALTHEXP","COMPULSORY","USD_CAP","A","2001",330.443,"E"
"BRA","HEALTHEXP","COMPULSORY","USD_CAP","A","2002",357.654,"E"
"BRA","HEALTHEXP","COMPULSORY","USD_CAP","A","2003",345.123,"E"
"BRA","HEALTHEXP","COMPULSORY","USD_CAP","A","2004",369.018,"E"
"BRA","HEALTHEXP","COMPULSORY","USD_CAP","A","2005",370.574,"E"
"BRA","HEALTHEXP","COMPULSORY","USD_CAP","A","2006",415.815,"E"
"BRA","HEALTHEXP","COMPULSORY","USD_CAP","A","2007",440.283,"E"
"BRA","HEALTHEXP","COMPULSORY","USD_CAP","A","2008",469.676,"E"
"BRA","HEALTHEXP","COMPULSORY","USD_CAP","A","2009",496.421,"E"
"BRA","HEALTHEXP","COMPULSORY","USD_CAP","A","2010",517.013,"E"
"BRA","HEALTHEXP","COMPULSORY","USD_CAP","A","2011",526.823,"E"
"BRA","HEALTHEXP","COMPULSORY","USD_CAP","A","2012",532.58,"E"
"BRA","HEALTHEXP","COMPULSORY","USD_CAP","A","2013",573.636,"E"
"BRA","HEALTHEXP","COMPULSORY","USD_CAP","A","2014",610.597,"E"
"BRA","HEALTHEXP","COMPULSORY","USD_CAP","A","2015",606.972,"E"
"CHL","HEALTHEXP","COMPULSORY","USD_CAP","A","2000",355.961,
"CHL","HEALTHEXP","COMPULSORY","USD_CAP","A","2001",373.702,
"CHL","HEALTHEXP","COMPULSORY","USD_CAP","A","2002",395.768,
"CHL","HEALTHEXP","COMPULSORY","USD_CAP","A","2003",414.757,
"CHL","HEALTHEXP","COMPULSORY","USD_CAP","A","2004",431.976,
"CHL","HEALTHEXP","COMPULSORY","USD_CAP","A","2005",444.999,
"CHL","HEALTHEXP","COMPULSORY","USD_CAP","A","2006",514.566,
"CHL","HEALTHEXP","COMPULSORY","USD_CAP","A","2007",575.773,
"CHL","HEALTHEXP","COMPULSORY","USD_CAP","A","2008",628.305,
"CHL","HEALTHEXP","COMPULSORY","USD_CAP","A","2009",681.145,
"CHL","HEALTHEXP","COMPULSORY","USD_CAP","A","2010",727.323,
"CHL","HEALTHEXP","COMPULSORY","USD_CAP","A","2011",818.026,
"CHL","HEALTHEXP","COMPULSORY","USD_CAP","A","2012",903.66,
"CHL","HEALTHEXP","COMPULSORY","USD_CAP","A","2013",988.131,
"CHL","HEALTHEXP","COMPULSORY","USD_CAP","A","2014",1045.16,
"CHL","HEALTHEXP","COMPULSORY","USD_CAP","A","2015",1095.979,
"CHL","HEALTHEXP","COMPULSORY","USD_CAP","A","2016",1152.404,
"CHL","HEALTHEXP","COMPULSORY","USD_CAP","A","2017",1164.379,"P"
"CHN","HEALTHEXP","COMPULSORY","USD_CAP","A","2000",26.742,"E"
"CHN","HEALTHEXP","COMPULSORY","USD_CAP","A","2001",31.315,"E"
"CHN","HEALTHEXP","COMPULSORY","USD_CAP","A","2002",38.626,"E"
"CHN","HEALTHEXP","COMPULSORY","USD_CAP","A","2003",44.744,"E"
"CHN","HEALTHEXP","COMPULSORY","USD_CAP","A","2004",51.789,"E"
"CHN","HEALTHEXP","COMPULSORY","USD_CAP","A","2005",63.136,"E"
"CHN","HEALTHEXP","COMPULSORY","USD_CAP","A","2006",76.811,"E"
"CHN","HEALTHEXP","COMPULSORY","USD_CAP","A","2007",95.966,"E"
"CHN","HEALTHEXP","COMPULSORY","USD_CAP","A","2008",125.449,"E"
"CHN","HEALTHEXP","COMPULSORY","USD_CAP","A","2009",173.093,"E"
"CHN","HEALTHEXP","COMPULSORY","USD_CAP","A","2010",206.518,"E"
"CHN","HEALTHEXP","COMPULSORY","USD_CAP","A","2011",242.796,"E"
"CHN","HEALTHEXP","COMPULSORY","USD_CAP","A","2012",290.51,"E"
"CHN","HEALTHEXP","COMPULSORY","USD_CAP","A","2013",331.149,"E"
"CHN","HEALTHEXP","COMPULSORY","USD_CAP","A","2014",380.868,"E"
"CHN","HEALTHEXP","COMPULSORY","USD_CAP","A","2015",433.046,"E"
"COL","HEALTHEXP","COMPULSORY","USD_CAP","A","2000",283.108,"E"
"COL","HEALTHEXP","COMPULSORY","USD_CAP","A","2001",293.056,"E"
"COL","HEALTHEXP","COMPULSORY","USD_CAP","A","2002",294.526,"E"
"COL","HEALTHEXP","COMPULSORY","USD_CAP","A","2003",334.575,"E"
"COL","HEALTHEXP","COMPULSORY","USD_CAP","A","2004",299.783,"E"
"COL","HEALTHEXP","COMPULSORY","USD_CAP","A","2005",332.782,"E"
"COL","HEALTHEXP","COMPULSORY","USD_CAP","A","2006",377.906,"E"
"COL","HEALTHEXP","COMPULSORY","USD_CAP","A","2007",396.786,"E"
"COL","HEALTHEXP","COMPULSORY","USD_CAP","A","2008",422.677,"E"
"COL","HEALTHEXP","COMPULSORY","USD_CAP","A","2009",471.7,"E"
"COL","HEALTHEXP","COMPULSORY","USD_CAP","A","2010",472.936,"E"
"COL","HEALTHEXP","COMPULSORY","USD_CAP","A","2011",503.688,"E"
"COL","HEALTHEXP","COMPULSORY","USD_CAP","A","2012",542.936,"E"
"COL","HEALTHEXP","COMPULSORY","USD_CAP","A","2013",564.911,"E"
"COL","HEALTHEXP","COMPULSORY","USD_CAP","A","2014",623.106,"E"
"COL","HEALTHEXP","COMPULSORY","USD_CAP","A","2015",606.252,"E"
"CRI","HEALTHEXP","COMPULSORY","USD_CAP","A","2000",345.575,"E"
"CRI","HEALTHEXP","COMPULSORY","USD_CAP","A","2001",354.992,"E"
"CRI","HEALTHEXP","COMPULSORY","USD_CAP","A","2002",396.164,"E"
"CRI","HEALTHEXP","COMPULSORY","USD_CAP","A","2003",418.181,"E"
"CRI","HEALTHEXP","COMPULSORY","USD_CAP","A","2004",416.931,"E"
"CRI","HEALTHEXP","COMPULSORY","USD_CAP","A","2005",429.499,"E"
"CRI","HEALTHEXP","COMPULSORY","USD_CAP","A","2006",502.413,"E"
"CRI","HEALTHEXP","COMPULSORY","USD_CAP","A","2007",555.434,"E"
"CRI","HEALTHEXP","COMPULSORY","USD_CAP","A","2008",638.957,"E"
"CRI","HEALTHEXP","COMPULSORY","USD_CAP","A","2009",691.625,"E"
"CRI","HEALTHEXP","COMPULSORY","USD_CAP","A","2010",757.472,"E"
"CRI","HEALTHEXP","COMPULSORY","USD_CAP","A","2011",806.211,"B"
"CRI","HEALTHEXP","COMPULSORY","USD_CAP","A","2012",830.311,
"CRI","HEALTHEXP","COMPULSORY","USD_CAP","A","2013",855.523,
"CRI","HEALTHEXP","COMPULSORY","USD_CAP","A","2014",868.611,
"CRI","HEALTHEXP","COMPULSORY","USD_CAP","A","2015",925.402,
"CRI","HEALTHEXP","COMPULSORY","USD_CAP","A","2016",930.209,
"EST","HEALTHEXP","COMPULSORY","USD_CAP","A","1999",367.302,
"EST","HEALTHEXP","COMPULSORY","USD_CAP","A","2000",374.438,
"EST","HEALTHEXP","COMPULSORY","USD_CAP","A","2001",386.868,
"EST","HEALTHEXP","COMPULSORY","USD_CAP","A","2002",419.994,
"EST","HEALTHEXP","COMPULSORY","USD_CAP","A","2003",488.591,
"EST","HEALTHEXP","COMPULSORY","USD_CAP","A","2004",553.962,
"EST","HEALTHEXP","COMPULSORY","USD_CAP","A","2005",627.007,
"EST","HEALTHEXP","COMPULSORY","USD_CAP","A","2006",693.206,
"EST","HEALTHEXP","COMPULSORY","USD_CAP","A","2007",839.694,
"EST","HEALTHEXP","COMPULSORY","USD_CAP","A","2008",1003.591,
"EST","HEALTHEXP","COMPULSORY","USD_CAP","A","2009",1044.393,
"EST","HEALTHEXP","COMPULSORY","USD_CAP","A","2010",1044.357,
"EST","HEALTHEXP","COMPULSORY","USD_CAP","A","2011",1095.932,
"EST","HEALTHEXP","COMPULSORY","USD_CAP","A","2012",1162.406,
"EST","HEALTHEXP","COMPULSORY","USD_CAP","A","2013",1249.328,
"EST","HEALTHEXP","COMPULSORY","USD_CAP","A","2014",1340.783,
"EST","HEALTHEXP","COMPULSORY","USD_CAP","A","2015",1406.151,
"EST","HEALTHEXP","COMPULSORY","USD_CAP","A","2016",1504.012,
"EST","HEALTHEXP","COMPULSORY","USD_CAP","A","2017",1616.234,"P"
"IND","HEALTHEXP","COMPULSORY","USD_CAP","A","2000",18.579,"E"
"IND","HEALTHEXP","COMPULSORY","USD_CAP","A","2001",18.935,"E"
"IND","HEALTHEXP","COMPULSORY","USD_CAP","A","2002",18.942,"E"
"IND","HEALTHEXP","COMPULSORY","USD_CAP","A","2003",19.135,"E"
"IND","HEALTHEXP","COMPULSORY","USD_CAP","A","2004",20.427,"E"
"IND","HEALTHEXP","COMPULSORY","USD_CAP","A","2005",23.439,"E"
"IND","HEALTHEXP","COMPULSORY","USD_CAP","A","2006",25.257,"E"
"IND","HEALTHEXP","COMPULSORY","USD_CAP","A","2007",27.698,"E"
"IND","HEALTHEXP","COMPULSORY","USD_CAP","A","2008",30.404,"E"
"IND","HEALTHEXP","COMPULSORY","USD_CAP","A","2009",35.551,"E"
"IND","HEALTHEXP","COMPULSORY","USD_CAP","A","2010",37.179,"E"
"IND","HEALTHEXP","COMPULSORY","USD_CAP","A","2011",42.172,"E"
"IND","HEALTHEXP","COMPULSORY","USD_CAP","A","2012",44.384,"E"
"IND","HEALTHEXP","COMPULSORY","USD_CAP","A","2013",43.519,"E"
"IND","HEALTHEXP","COMPULSORY","USD_CAP","A","2014",47.166,"E"
"IND","HEALTHEXP","COMPULSORY","USD_CAP","A","2015",59.013,"E"
"IDN","HEALTHEXP","COMPULSORY","USD_CAP","A","2000",29.425,"E"
"IDN","HEALTHEXP","COMPULSORY","USD_CAP","A","2001",41.117,"E"
"IDN","HEALTHEXP","COMPULSORY","USD_CAP","A","2002",37.061,"E"
"IDN","HEALTHEXP","COMPULSORY","USD_CAP","A","2003",47.184,"E"
"IDN","HEALTHEXP","COMPULSORY","USD_CAP","A","2004",46.161,"E"
"IDN","HEALTHEXP","COMPULSORY","USD_CAP","A","2005",48.742,"E"
"IDN","HEALTHEXP","COMPULSORY","USD_CAP","A","2006",59.373,"E"
"IDN","HEALTHEXP","COMPULSORY","USD_CAP","A","2007",78.864,"E"
"IDN","HEALTHEXP","COMPULSORY","USD_CAP","A","2008",74.984,"E"
"IDN","HEALTHEXP","COMPULSORY","USD_CAP","A","2009",79.154,"E"
"IDN","HEALTHEXP","COMPULSORY","USD_CAP","A","2010",89.867,"E"
"IDN","HEALTHEXP","COMPULSORY","USD_CAP","A","2011",94.927,"E"
"IDN","HEALTHEXP","COMPULSORY","USD_CAP","A","2012",112.098,"E"
"IDN","HEALTHEXP","COMPULSORY","USD_CAP","A","2013",127.774,"E"
"IDN","HEALTHEXP","COMPULSORY","USD_CAP","A","2014",143.58,"E"
"IDN","HEALTHEXP","COMPULSORY","USD_CAP","A","2015",123.759,"E"
"ISR","HEALTHEXP","COMPULSORY","USD_CAP","A","1995",930.975,
"ISR","HEALTHEXP","COMPULSORY","USD_CAP","A","1996",1016.964,
"ISR","HEALTHEXP","COMPULSORY","USD_CAP","A","1997",1054.345,
"ISR","HEALTHEXP","COMPULSORY","USD_CAP","A","1998",1013.364,
"ISR","HEALTHEXP","COMPULSORY","USD_CAP","A","1999",995.983,
"ISR","HEALTHEXP","COMPULSORY","USD_CAP","A","2000",1070.26,
"ISR","HEALTHEXP","COMPULSORY","USD_CAP","A","2001",1129.793,
"ISR","HEALTHEXP","COMPULSORY","USD_CAP","A","2002",1154.129,
"ISR","HEALTHEXP","COMPULSORY","USD_CAP","A","2003",1055.56,
"ISR","HEALTHEXP","COMPULSORY","USD_CAP","A","2004",1095.319,
"ISR","HEALTHEXP","COMPULSORY","USD_CAP","A","2005",1060.154,
"ISR","HEALTHEXP","COMPULSORY","USD_CAP","A","2006",1112.267,"B"
"ISR","HEALTHEXP","COMPULSORY","USD_CAP","A","2007",1154.236,
"ISR","HEALTHEXP","COMPULSORY","USD_CAP","A","2008",1177.409,
"ISR","HEALTHEXP","COMPULSORY","USD_CAP","A","2009",1196.492,
"ISR","HEALTHEXP","COMPULSORY","USD_CAP","A","2010",1279.46,
"ISR","HEALTHEXP","COMPULSORY","USD_CAP","A","2011",1340.945,
"ISR","HEALTHEXP","COMPULSORY","USD_CAP","A","2012",1420.054,
"ISR","HEALTHEXP","COMPULSORY","USD_CAP","A","2013",1544.556,
"ISR","HEALTHEXP","COMPULSORY","USD_CAP","A","2014",1554.195,
"ISR","HEALTHEXP","COMPULSORY","USD_CAP","A","2015",1659.709,
"ISR","HEALTHEXP","COMPULSORY","USD_CAP","A","2016",1703.278,
"ISR","HEALTHEXP","COMPULSORY","USD_CAP","A","2017",1780.425,"E"
"LVA","HEALTHEXP","COMPULSORY","USD_CAP","A","2000",221.694,"E"
"LVA","HEALTHEXP","COMPULSORY","USD_CAP","A","2001",254.631,"E"
"LVA","HEALTHEXP","COMPULSORY","USD_CAP","A","2002",288.039,"E"
"LVA","HEALTHEXP","COMPULSORY","USD_CAP","A","2003",301.649,"E"
"LVA","HEALTHEXP","COMPULSORY","USD_CAP","A","2004",427.563,
"LVA","HEALTHEXP","COMPULSORY","USD_CAP","A","2005",452.002,
"LVA","HEALTHEXP","COMPULSORY","USD_CAP","A","2006",556.193,
"LVA","HEALTHEXP","COMPULSORY","USD_CAP","A","2007",611.226,
"LVA","HEALTHEXP","COMPULSORY","USD_CAP","A","2008",659.444,
"LVA","HEALTHEXP","COMPULSORY","USD_CAP","A","2009",619.193,
"LVA","HEALTHEXP","COMPULSORY","USD_CAP","A","2010",650.384,
"LVA","HEALTHEXP","COMPULSORY","USD_CAP","A","2011",699.603,
"LVA","HEALTHEXP","COMPULSORY","USD_CAP","A","2012",695.161,
"LVA","HEALTHEXP","COMPULSORY","USD_CAP","A","2013",734.865,
"LVA","HEALTHEXP","COMPULSORY","USD_CAP","A","2014",776.422,
"LVA","HEALTHEXP","COMPULSORY","USD_CAP","A","2015",798.324,
"LVA","HEALTHEXP","COMPULSORY","USD_CAP","A","2016",872.665,
"LVA","HEALTHEXP","COMPULSORY","USD_CAP","A","2017",940.903,"E"
"LTU","HEALTHEXP","COMPULSORY","USD_CAP","A","2000",358.708,"E"
"LTU","HEALTHEXP","COMPULSORY","USD_CAP","A","2001",406.586,"E"
"LTU","HEALTHEXP","COMPULSORY","USD_CAP","A","2002",476.107,"E"
"LTU","HEALTHEXP","COMPULSORY","USD_CAP","A","2003",562.077,"E"
"LTU","HEALTHEXP","COMPULSORY","USD_CAP","A","2004",477.681,
"LTU","HEALTHEXP","COMPULSORY","USD_CAP","A","2005",546.804,
"LTU","HEALTHEXP","COMPULSORY","USD_CAP","A","2006",650.688,
"LTU","HEALTHEXP","COMPULSORY","USD_CAP","A","2007",781.678,
"LTU","HEALTHEXP","COMPULSORY","USD_CAP","A","2008",929.117,
"LTU","HEALTHEXP","COMPULSORY","USD_CAP","A","2009",966.998,
"LTU","HEALTHEXP","COMPULSORY","USD_CAP","A","2010",982.997,
"LTU","HEALTHEXP","COMPULSORY","USD_CAP","A","2011",1054.066,
"LTU","HEALTHEXP","COMPULSORY","USD_CAP","A","2012",1043.796,
"LTU","HEALTHEXP","COMPULSORY","USD_CAP","A","2013",1084.475,
"LTU","HEALTHEXP","COMPULSORY","USD_CAP","A","2014",1179.29,
"LTU","HEALTHEXP","COMPULSORY","USD_CAP","A","2015",1251.57,
"LTU","HEALTHEXP","COMPULSORY","USD_CAP","A","2016",1332.797,
"LTU","HEALTHEXP","COMPULSORY","USD_CAP","A","2017",1341.422,"P"
"RUS","HEALTHEXP","COMPULSORY","USD_CAP","A","2000",217.901,
"RUS","HEALTHEXP","COMPULSORY","USD_CAP","A","2001",240.214,
"RUS","HEALTHEXP","COMPULSORY","USD_CAP","A","2002",277.224,
"RUS","HEALTHEXP","COMPULSORY","USD_CAP","A","2003",297.621,
"RUS","HEALTHEXP","COMPULSORY","USD_CAP","A","2004",307.206,
"RUS","HEALTHEXP","COMPULSORY","USD_CAP","A","2005",370.629,
"RUS","HEALTHEXP","COMPULSORY","USD_CAP","A","2006",472.107,
"RUS","HEALTHEXP","COMPULSORY","USD_CAP","A","2007",528.117,
"RUS","HEALTHEXP","COMPULSORY","USD_CAP","A","2008",667.15,
"RUS","HEALTHEXP","COMPULSORY","USD_CAP","A","2009",732.132,
"RUS","HEALTHEXP","COMPULSORY","USD_CAP","A","2010",672.294,
"RUS","HEALTHEXP","COMPULSORY","USD_CAP","A","2011",728.242,
"RUS","HEALTHEXP","COMPULSORY","USD_CAP","A","2012",810.164,
"RUS","HEALTHEXP","COMPULSORY","USD_CAP","A","2013",830.023,
"RUS","HEALTHEXP","COMPULSORY","USD_CAP","A","2014",837.24,
"RUS","HEALTHEXP","COMPULSORY","USD_CAP","A","2015",766.517,
"RUS","HEALTHEXP","COMPULSORY","USD_CAP","A","2016",743.045,
"SVN","HEALTHEXP","COMPULSORY","USD_CAP","A","2000",1024.064,"E"
"SVN","HEALTHEXP","COMPULSORY","USD_CAP","A","2001",1067.896,"E"
"SVN","HEALTHEXP","COMPULSORY","USD_CAP","A","2002",1191.174,
"SVN","HEALTHEXP","COMPULSORY","USD_CAP","A","2003",1243.794,
"SVN","HEALTHEXP","COMPULSORY","USD_CAP","A","2004",1326.18,
"SVN","HEALTHEXP","COMPULSORY","USD_CAP","A","2005",1401.585,
"SVN","HEALTHEXP","COMPULSORY","USD_CAP","A","2006",1470.009,
"SVN","HEALTHEXP","COMPULSORY","USD_CAP","A","2007",1479.454,
"SVN","HEALTHEXP","COMPULSORY","USD_CAP","A","2008",1710.378,
"SVN","HEALTHEXP","COMPULSORY","USD_CAP","A","2009",1718.635,
"SVN","HEALTHEXP","COMPULSORY","USD_CAP","A","2010",1751.388,
"SVN","HEALTHEXP","COMPULSORY","USD_CAP","A","2011",1813.294,
"SVN","HEALTHEXP","COMPULSORY","USD_CAP","A","2012",1821.299,
"SVN","HEALTHEXP","COMPULSORY","USD_CAP","A","2013",1869.875,
"SVN","HEALTHEXP","COMPULSORY","USD_CAP","A","2014",1866.426,
"SVN","HEALTHEXP","COMPULSORY","USD_CAP","A","2015",1919.384,
"SVN","HEALTHEXP","COMPULSORY","USD_CAP","A","2016",2014.024,
"SVN","HEALTHEXP","COMPULSORY","USD_CAP","A","2017",2023.569,"P"
"ZAF","HEALTHEXP","COMPULSORY","USD_CAP","A","2000",206.875,"E"
"ZAF","HEALTHEXP","COMPULSORY","USD_CAP","A","2001",211.686,"E"
"ZAF","HEALTHEXP","COMPULSORY","USD_CAP","A","2002",191.664,"E"
"ZAF","HEALTHEXP","COMPULSORY","USD_CAP","A","2003",204.516,"E"
"ZAF","HEALTHEXP","COMPULSORY","USD_CAP","A","2004",226.072,"E"
"ZAF","HEALTHEXP","COMPULSORY","USD_CAP","A","2005",237.452,"E"
"ZAF","HEALTHEXP","COMPULSORY","USD_CAP","A","2006",256.722,"E"
"ZAF","HEALTHEXP","COMPULSORY","USD_CAP","A","2007",276.409,"E"
"ZAF","HEALTHEXP","COMPULSORY","USD_CAP","A","2008",299.744,"E"
"ZAF","HEALTHEXP","COMPULSORY","USD_CAP","A","2009",315.464,"E"
"ZAF","HEALTHEXP","COMPULSORY","USD_CAP","A","2010",357.931,"E"
"ZAF","HEALTHEXP","COMPULSORY","USD_CAP","A","2011",391.346,"E"
"ZAF","HEALTHEXP","COMPULSORY","USD_CAP","A","2012",423.332,"E"
"ZAF","HEALTHEXP","COMPULSORY","USD_CAP","A","2013",431.377,"E"
"ZAF","HEALTHEXP","COMPULSORY","USD_CAP","A","2014",449.03,"E"
"ZAF","HEALTHEXP","COMPULSORY","USD_CAP","A","2015",465.581,"E"
